station,date,ticker,side,price,ev_cents,pnl_cents
KAUS,2026-05-24,KXHIGHAUS-26MAY24-T87,sell,77,5472,-2302
KAUS,2026-05-24,KXHIGHAUS-26MAY24-T80,buy,1,257,-101
KAUS,2026-05-24,KXHIGHAUS-26MAY24-B86.5,buy,14,1179,-1401
KAUS,2026-05-24,KXHIGHAUS-26MAY24-B84.5,buy,8,1891,-801
KAUS,2026-05-24,KXHIGHAUS-26MAY24-B82.5,buy,4,1135,-401
KAUS,2026-05-24,KXHIGHAUS-26MAY24-B80.5,buy,2,407,-201
KAUS,2026-05-25,KXHIGHAUS-26MAY25-T94,buy,1,291,-101
KAUS,2026-05-25,KXHIGHAUS-26MAY25-T87,buy,3,167,-301
KAUS,2026-05-25,KXHIGHAUS-26MAY25-B93.5,buy,4,739,-401
KAUS,2026-05-25,KXHIGHAUS-26MAY25-B91.5,buy,23,899,-2302
KAUS,2026-05-25,KXHIGHAUS-26MAY25-B89.5,sell,48,1351,-5202
KAUS,2026-05-25,KXHIGHAUS-26MAY25-B87.5,sell,23,946,2298
KAUS,2026-05-26,KXHIGHAUS-26MAY26-T87,buy,6,256,-601
KAUS,2026-05-26,KXHIGHAUS-26MAY26-B93.5,sell,2,132,199
KAUS,2026-05-26,KXHIGHAUS-26MAY26-B91.5,sell,16,1042,1599
KAUS,2026-05-26,KXHIGHAUS-26MAY26-B89.5,sell,48,865,4798
KAUS,2026-05-26,KXHIGHAUS-26MAY26-B87.5,buy,28,1768,7198
KAUS,2026-05-27,KXHIGHAUS-26MAY27-T88,buy,6,1012,-601
KAUS,2026-05-27,KXHIGHAUS-26MAY27-T81,buy,6,2232,9399
KAUS,2026-05-27,KXHIGHAUS-26MAY27-B85.5,sell,31,1670,3098
KAUS,2026-05-27,KXHIGHAUS-26MAY27-B83.5,sell,36,1990,3598
KAUS,2026-05-27,KXHIGHAUS-26MAY27-B81.5,sell,18,331,1798
KAUS,2026-05-28,KXHIGHAUS-26MAY28-T93,buy,4,866,-401
KAUS,2026-05-28,KXHIGHAUS-26MAY28-T86,buy,2,2314,-201
KAUS,2026-05-28,KXHIGHAUS-26MAY28-B92.5,sell,15,432,1499
KAUS,2026-05-28,KXHIGHAUS-26MAY28-B90.5,sell,44,2794,-5602
KAUS,2026-05-28,KXHIGHAUS-26MAY28-B88.5,sell,30,1114,2998
KAUS,2026-05-28,KXHIGHAUS-26MAY28-B86.5,buy,4,1263,-401
KAUS,2026-05-29,KXHIGHAUS-26MAY29-T96,buy,1,1631,-101
KAUS,2026-05-29,KXHIGHAUS-26MAY29-T89,buy,2,1676,-201
KAUS,2026-05-29,KXHIGHAUS-26MAY29-B95.5,buy,8,541,-801
KAUS,2026-05-29,KXHIGHAUS-26MAY29-B93.5,sell,47,2898,4698
KAUS,2026-05-29,KXHIGHAUS-26MAY29-B91.5,sell,35,1664,-6502
KAUS,2026-05-29,KXHIGHAUS-26MAY29-B89.5,buy,11,314,-1101
KAUS,2026-05-30,KXHIGHAUS-26MAY30-T97,buy,1,1166,-101
KAUS,2026-05-30,KXHIGHAUS-26MAY30-T90,buy,24,113,7598
KAUS,2026-05-30,KXHIGHAUS-26MAY30-B96.5,buy,1,966,-101
KAUS,2026-05-30,KXHIGHAUS-26MAY30-B94.5,buy,3,1303,-301
KAUS,2026-05-30,KXHIGHAUS-26MAY30-B92.5,sell,30,1114,2998
KAUS,2026-05-30,KXHIGHAUS-26MAY30-B90.5,sell,41,2434,4098
KAUS,2026-05-31,KXHIGHAUS-26MAY31-T96,buy,1,1631,-101
KAUS,2026-05-31,KXHIGHAUS-26MAY31-T89,buy,4,1476,-401
KAUS,2026-05-31,KXHIGHAUS-26MAY31-B95.5,buy,6,741,-601
KAUS,2026-05-31,KXHIGHAUS-26MAY31-B93.5,sell,30,1198,2998
KAUS,2026-05-31,KXHIGHAUS-26MAY31-B91.5,sell,48,2964,4798
KAUS,2026-05-31,KXHIGHAUS-26MAY31-B89.5,sell,16,184,-8401
KAUS,2026-06-01,KXHIGHAUS-26JUN01-T99,buy,1,818,-101
KAUS,2026-06-01,KXHIGHAUS-26JUN01-T92,buy,22,1089,-2202
KAUS,2026-06-01,KXHIGHAUS-26JUN01-B98.5,buy,1,712,-101
KAUS,2026-06-01,KXHIGHAUS-26JUN01-B96.5,buy,5,841,-501
KAUS,2026-06-01,KXHIGHAUS-26JUN01-B94.5,sell,29,1098,2898
KAUS,2026-06-01,KXHIGHAUS-26JUN01-B92.5,sell,46,2764,-5402
KAUS,2026-06-02,KXHIGHAUS-26JUN02-T97,buy,1,788,-101
KAUS,2026-06-02,KXHIGHAUS-26JUN02-T90,buy,3,1805,-301
KAUS,2026-06-02,KXHIGHAUS-26JUN02-B96.5,buy,3,724,-301
KAUS,2026-06-02,KXHIGHAUS-26JUN02-B94.5,buy,16,203,8399
KAUS,2026-06-02,KXHIGHAUS-26JUN02-B92.5,sell,57,3424,5698
KAUS,2026-06-02,KXHIGHAUS-26JUN02-B90.5,sell,28,897,2798
KAUS,2026-06-03,KXHIGHAUS-26JUN03-T93,buy,7,613,-701
KAUS,2026-06-03,KXHIGHAUS-26JUN03-T86,buy,6,852,-601
KAUS,2026-06-03,KXHIGHAUS-26JUN03-B92.5,buy,7,704,-701
KAUS,2026-06-03,KXHIGHAUS-26JUN03-B90.5,sell,28,670,2798
KAUS,2026-06-03,KXHIGHAUS-26JUN03-B88.5,sell,33,1111,-6702
KAUS,2026-06-03,KXHIGHAUS-26JUN03-B86.5,sell,21,586,2098
KAUS,2026-06-04,KXHIGHAUS-26JUN04-T91,buy,2,191,-201
KAUS,2026-06-04,KXHIGHAUS-26JUN04-B90.5,buy,8,339,-801
KAUS,2026-06-04,KXHIGHAUS-26JUN04-B88.5,buy,23,899,-2302
KAUS,2026-06-04,KXHIGHAUS-26JUN04-B86.5,sell,42,751,-5802
KAUS,2026-06-04,KXHIGHAUS-26JUN04-B84.5,sell,17,347,1699
KAUS,2026-06-05,KXHIGHAUS-26JUN05-T90,buy,2,3,-201
KAUS,2026-06-05,KXHIGHAUS-26JUN05-T83,buy,5,429,-501
KAUS,2026-06-05,KXHIGHAUS-26JUN05-B87.5,sell,27,615,-7302
KAUS,2026-06-05,KXHIGHAUS-26JUN05-B85.5,sell,46,769,4598
KAUS,2026-06-05,KXHIGHAUS-26JUN05-B83.5,buy,23,79,-2302
KAUS,2026-06-06,KXHIGHAUS-26JUN06-T91,buy,2,645,9799
KAUS,2026-06-06,KXHIGHAUS-26JUN06-T84,buy,1,865,-101
KAUS,2026-06-06,KXHIGHAUS-26JUN06-B90.5,sell,34,2019,3398
KAUS,2026-06-06,KXHIGHAUS-26JUN06-B88.5,sell,45,1918,4498
KAUS,2026-06-06,KXHIGHAUS-26JUN06-B86.5,buy,18,890,-1802
KAUS,2026-06-06,KXHIGHAUS-26JUN06-B84.5,buy,2,1335,-201
KAUS,2026-06-07,KXHIGHAUS-26JUN07-T87,buy,2,1378,-201
KAUS,2026-06-07,KXHIGHAUS-26JUN07-B93.5,sell,29,2022,2898
KAUS,2026-06-07,KXHIGHAUS-26JUN07-B91.5,sell,42,2195,-5802
KAUS,2026-06-07,KXHIGHAUS-26JUN07-B89.5,buy,25,358,-2502
KAUS,2026-06-07,KXHIGHAUS-26JUN07-B87.5,buy,7,1468,-701
KAUS,2026-06-08,KXHIGHAUS-26JUN08-T95,buy,1,103,-101
KAUS,2026-06-08,KXHIGHAUS-26JUN08-T88,buy,7,229,-701
KAUS,2026-06-08,KXHIGHAUS-26JUN08-B94.5,sell,7,127,699
KAUS,2026-06-08,KXHIGHAUS-26JUN08-B92.5,sell,36,1515,3598
KAUS,2026-06-08,KXHIGHAUS-26JUN08-B90.5,sell,39,69,3898
KAUS,2026-06-08,KXHIGHAUS-26JUN08-B88.5,buy,21,279,7898
KAUS,2026-06-09,KXHIGHAUS-26JUN09-T90,buy,6,1220,-601
KAUS,2026-06-09,KXHIGHAUS-26JUN09-B96.5,sell,4,117,399
KAUS,2026-06-09,KXHIGHAUS-26JUN09-B94.5,sell,37,2558,3698
KAUS,2026-06-09,KXHIGHAUS-26JUN09-B92.5,sell,43,1097,-5702
KAUS,2026-06-09,KXHIGHAUS-26JUN09-B90.5,buy,14,2046,-1401
KAUS,2026-06-10,KXHIGHAUS-26JUN10-T98,buy,1,9,-101
KAUS,2026-06-10,KXHIGHAUS-26JUN10-T91,buy,8,1020,-801
KAUS,2026-06-10,KXHIGHAUS-26JUN10-B97.5,buy,2,81,-201
KAUS,2026-06-10,KXHIGHAUS-26JUN10-B95.5,buy,8,339,-801
KAUS,2026-06-10,KXHIGHAUS-26JUN10-B93.5,sell,54,2197,5398
KAUS,2026-06-10,KXHIGHAUS-26JUN10-B91.5,buy,33,145,6698
KAUS,2026-06-11,KXHIGHAUS-26JUN11-T92,buy,10,820,-1001
KAUS,2026-06-11,KXHIGHAUS-26JUN11-B98.5,buy,2,81,-201
KAUS,2026-06-11,KXHIGHAUS-26JUN11-B96.5,buy,8,339,-801
KAUS,2026-06-11,KXHIGHAUS-26JUN11-B94.5,sell,40,797,3998
KAUS,2026-06-11,KXHIGHAUS-26JUN11-B92.5,sell,36,151,-6402
KAUS,2026-06-12,KXHIGHAUS-26JUN12-T92,buy,15,1810,-1501
KAUS,2026-06-12,KXHIGHAUS-26JUN12-B96.5,buy,4,171,-401
KAUS,2026-06-12,KXHIGHAUS-26JUN12-B94.5,sell,37,1615,-6302
KAUS,2026-06-12,KXHIGHAUS-26JUN12-B92.5,sell,46,769,4598
KAUS,2026-06-13,KXHIGHAUS-26JUN13-T98,buy,1,9,-101
KAUS,2026-06-13,KXHIGHAUS-26JUN13-T91,buy,6,1220,-601
KAUS,2026-06-13,KXHIGHAUS-26JUN13-B97.5,sell,4,117,399
KAUS,2026-06-13,KXHIGHAUS-26JUN13-B95.5,sell,30,1858,2998
KAUS,2026-06-13,KXHIGHAUS-26JUN13-B93.5,sell,44,1197,-5602
KAUS,2026-06-13,KXHIGHAUS-26JUN13-B91.5,buy,20,1445,-2002
KAUS,2026-06-14,KXHIGHAUS-26JUN14-T97,buy,2,114,-201
KAUS,2026-06-14,KXHIGHAUS-26JUN14-T90,buy,12,1301,-1201
KAUS,2026-06-14,KXHIGHAUS-26JUN14-B96.5,buy,3,231,-301
KAUS,2026-06-14,KXHIGHAUS-26JUN14-B94.5,sell,16,220,1599
KAUS,2026-06-14,KXHIGHAUS-26JUN14-B92.5,sell,46,2018,-5402
KAUS,2026-06-14,KXHIGHAUS-26JUN14-B90.5,buy,25,190,-2502
KAUS,2026-06-15,KXHIGHAUS-26JUN15-T90,buy,1,96,-101
KAUS,2026-06-15,KXHIGHAUS-26JUN15-T83,sell,50,1250,4998
KAUS,2026-06-15,KXHIGHAUS-26JUN15-B89.5,buy,2,116,-201
KAUS,2026-06-15,KXHIGHAUS-26JUN15-B87.5,buy,8,75,-801
KAUS,2026-06-15,KXHIGHAUS-26JUN15-B85.5,buy,20,1,-2002
KAUS,2026-06-15,KXHIGHAUS-26JUN15-B83.5,buy,27,158,7298
KAUS,2026-06-16,KXHIGHAUS-26JUN16-T91,buy,2,114,-201
KAUS,2026-06-16,KXHIGHAUS-26JUN16-T84,buy,9,1601,-901
KAUS,2026-06-16,KXHIGHAUS-26JUN16-B90.5,sell,8,267,-9201
KAUS,2026-06-16,KXHIGHAUS-26JUN16-B88.5,sell,24,1019,2398
KAUS,2026-06-16,KXHIGHAUS-26JUN16-B86.5,sell,34,818,3398
KAUS,2026-06-16,KXHIGHAUS-26JUN16-B84.5,sell,30,306,2998
KAUS,2026-06-17,KXHIGHAUS-26JUN17-T96,sell,4,195,399
KAUS,2026-06-17,KXHIGHAUS-26JUN17-T89,buy,3,629,-301
KAUS,2026-06-17,KXHIGHAUS-26JUN17-B95.5,sell,13,727,1299
KAUS,2026-06-17,KXHIGHAUS-26JUN17-B93.5,sell,42,2115,4198
KAUS,2026-06-17,KXHIGHAUS-26JUN17-B91.5,buy,31,727,-3102
KAUS,2026-06-17,KXHIGHAUS-26JUN17-B89.5,buy,9,1480,9099
KAUS,2026-06-18,KXHIGHAUS-26JUN18-T95,buy,5,356,-501
KAUS,2026-06-18,KXHIGHAUS-26JUN18-T102,sell,1,82,99
KAUS,2026-06-18,KXHIGHAUS-26JUN18-B99.5,sell,14,842,1399
KAUS,2026-06-18,KXHIGHAUS-26JUN18-B97.5,sell,45,565,-5502
KAUS,2026-06-18,KXHIGHAUS-26JUN18-B95.5,buy,30,1568,-3002
KAUS,2026-06-18,KXHIGHAUS-26JUN18-B101.5,sell,3,232,299
KAUS,2026-06-19,KXHIGHAUS-26JUN19-T99,buy,1,9,-101
KAUS,2026-06-19,KXHIGHAUS-26JUN19-T92,sell,36,1777,-6402
KAUS,2026-06-19,KXHIGHAUS-26JUN19-B98.5,buy,2,81,-201
KAUS,2026-06-19,KXHIGHAUS-26JUN19-B96.5,buy,4,739,-401
KAUS,2026-06-19,KXHIGHAUS-26JUN19-B94.5,buy,16,1600,-1601
KAUS,2026-06-19,KXHIGHAUS-26JUN19-B92.5,sell,39,451,3898
KAUS,2026-06-20,KXHIGHAUS-26JUN20-T96,buy,2,399,-201
KAUS,2026-06-20,KXHIGHAUS-26JUN20-T89,buy,20,963,-2002
KAUS,2026-06-20,KXHIGHAUS-26JUN20-B95.5,buy,3,412,-301
KAUS,2026-06-20,KXHIGHAUS-26JUN20-B93.5,buy,11,304,-1101
KAUS,2026-06-20,KXHIGHAUS-26JUN20-B91.5,sell,33,1170,3298
KAUS,2026-06-20,KXHIGHAUS-26JUN20-B89.5,sell,37,1511,-6302
KAUS,2026-06-21,KXHIGHAUS-26JUN21-T92,sell,59,631,5898
KAUS,2026-06-21,KXHIGHAUS-26JUN21-B94.5,buy,8,339,-801
KAUS,2026-06-22,KXHIGHAUS-26JUN22-T93,buy,6,1220,-601
KAUS,2026-06-22,KXHIGHAUS-26JUN22-T100,buy,1,9,-101
KAUS,2026-06-22,KXHIGHAUS-26JUN22-B97.5,buy,6,539,-601
KAUS,2026-06-22,KXHIGHAUS-26JUN22-B95.5,sell,54,2197,5398
KAUS,2026-06-22,KXHIGHAUS-26JUN22-B93.5,buy,33,145,6698
KAUS,2026-06-23,KXHIGHAUS-26JUN23-T93,buy,9,29,-901
KAUS,2026-06-23,KXHIGHAUS-26JUN23-T100,buy,2,3,-201
KAUS,2026-06-23,KXHIGHAUS-26JUN23-B99.5,buy,2,371,-201
KAUS,2026-06-23,KXHIGHAUS-26JUN23-B97.5,buy,8,1282,-801
KAUS,2026-06-23,KXHIGHAUS-26JUN23-B95.5,sell,47,869,4698
KAUS,2026-06-23,KXHIGHAUS-26JUN23-B93.5,sell,33,917,-6702
KAUS,2026-06-24,KXHIGHAUS-26JUN24-T93,buy,3,629,-301
KAUS,2026-06-24,KXHIGHAUS-26JUN24-T100,buy,1,103,-101
KAUS,2026-06-24,KXHIGHAUS-26JUN24-B99.5,buy,2,371,-201
KAUS,2026-06-24,KXHIGHAUS-26JUN24-B97.5,buy,18,281,-1802
KAUS,2026-06-24,KXHIGHAUS-26JUN24-B95.5,sell,46,769,4598
KAUS,2026-06-24,KXHIGHAUS-26JUN24-B93.5,sell,34,1017,-6602
KAUS,2026-06-25,KXHIGHAUS-26JUN25-T93,sell,10,69,999
KAUS,2026-06-25,KXHIGHAUS-26JUN25-T100,buy,1,103,-101
KAUS,2026-06-25,KXHIGHAUS-26JUN25-B99.5,buy,3,271,-301
KAUS,2026-06-25,KXHIGHAUS-26JUN25-B97.5,buy,5,1582,-501
KAUS,2026-06-25,KXHIGHAUS-26JUN25-B95.5,buy,38,27,-3802
KAUS,2026-06-25,KXHIGHAUS-26JUN25-B93.5,sell,49,2517,-5102
KAUS,2026-06-26,KXHIGHAUS-26JUN26-T94,sell,11,169,1099
KAUS,2026-06-26,KXHIGHAUS-26JUN26-T101,buy,1,103,-101
KAUS,2026-06-26,KXHIGHAUS-26JUN26-B98.5,buy,4,1682,-401
KAUS,2026-06-26,KXHIGHAUS-26JUN26-B96.5,buy,27,1127,-2702
KAUS,2026-06-26,KXHIGHAUS-26JUN26-B94.5,sell,52,2817,-4802
KAUS,2026-06-26,KXHIGHAUS-26JUN26-B100.5,buy,3,271,-301
KAUS,2026-06-27,KXHIGHAUS-26JUN27-T94,buy,4,529,-401
KAUS,2026-06-27,KXHIGHAUS-26JUN27-T101,buy,1,103,-101
KAUS,2026-06-27,KXHIGHAUS-26JUN27-B98.5,buy,10,1082,-1001
KAUS,2026-06-27,KXHIGHAUS-26JUN27-B96.5,sell,40,169,3998
KAUS,2026-06-27,KXHIGHAUS-26JUN27-B94.5,sell,48,2417,-5202
KAUS,2026-06-27,KXHIGHAUS-26JUN27-B100.5,buy,2,371,-201
KAUS,2026-06-28,KXHIGHAUS-26JUN28-T94,buy,3,167,-301
KAUS,2026-06-28,KXHIGHAUS-26JUN28-T101,buy,2,191,-201
KAUS,2026-06-28,KXHIGHAUS-26JUN28-B98.5,buy,6,2600,-601
KAUS,2026-06-28,KXHIGHAUS-26JUN28-B96.5,sell,50,1551,4998
KAUS,2026-06-28,KXHIGHAUS-26JUN28-B94.5,sell,41,2746,-5902
KAUS,2026-06-28,KXHIGHAUS-26JUN28-B100.5,buy,2,939,-201
KAUS,2026-06-29,KXHIGHAUS-26JUN29-T96,sell,19,968,1898
KAUS,2026-06-29,KXHIGHAUS-26JUN29-T103,buy,1,103,-101
KAUS,2026-06-29,KXHIGHAUS-26JUN29-B98.5,buy,22,1627,-2202
KAUS,2026-06-29,KXHIGHAUS-26JUN29-B96.5,sell,58,3417,-4202
KAUS,2026-06-29,KXHIGHAUS-26JUN29-B102.5,buy,3,271,-301
KAUS,2026-06-29,KXHIGHAUS-26JUN29-B100.5,buy,4,1682,-401
KAUS,2026-06-30,KXHIGHAUS-26JUN30-T93,buy,1,829,-101
KAUS,2026-06-30,KXHIGHAUS-26JUN30-T100,buy,1,103,-101
KAUS,2026-06-30,KXHIGHAUS-26JUN30-B99.5,buy,1,471,-101
KAUS,2026-06-30,KXHIGHAUS-26JUN30-B97.5,buy,8,1282,-801
KAUS,2026-06-30,KXHIGHAUS-26JUN30-B95.5,sell,55,1669,-4502
KAUS,2026-06-30,KXHIGHAUS-26JUN30-B93.5,sell,40,1617,3998
KAUS,2026-07-01,KXHIGHAUS-26JUL01-T93,buy,1,865,-101
KAUS,2026-07-01,KXHIGHAUS-26JUL01-T100,buy,1,745,-101
KAUS,2026-07-01,KXHIGHAUS-26JUL01-B99.5,buy,2,1178,-201
KAUS,2026-07-01,KXHIGHAUS-26JUL01-B95.5,sell,64,3706,-3602
KAUS,2026-07-01,KXHIGHAUS-26JUL01-B93.5,buy,8,735,-801
KAUS,2026-07-02,KXHIGHAUS-26JUL02-T93,buy,2,729,-201
KAUS,2026-07-02,KXHIGHAUS-26JUL02-T100,buy,2,3,-201
KAUS,2026-07-02,KXHIGHAUS-26JUL02-B99.5,buy,3,271,-301
KAUS,2026-07-02,KXHIGHAUS-26JUL02-B97.5,sell,27,615,2698
KAUS,2026-07-02,KXHIGHAUS-26JUL02-B95.5,sell,64,2569,-3602
KAUS,2026-07-02,KXHIGHAUS-26JUL02-B93.5,buy,6,1780,-601
KAUS,2026-07-03,KXHIGHAUS-26JUL03-T94,buy,3,167,-301
KAUS,2026-07-03,KXHIGHAUS-26JUL03-T101,buy,2,191,-201
KAUS,2026-07-03,KXHIGHAUS-26JUL03-B98.5,buy,20,1199,7998
KAUS,2026-07-03,KXHIGHAUS-26JUL03-B96.5,sell,62,2751,6198
KAUS,2026-07-03,KXHIGHAUS-26JUL03-B94.5,sell,16,247,1599
KAUS,2026-07-03,KXHIGHAUS-26JUL03-B100.5,buy,2,939,-201
KAUS,2026-07-04,KXHIGHAUS-26JUL04-T95,buy,2,729,-201
KAUS,2026-07-04,KXHIGHAUS-26JUL04-T102,buy,1,103,-101
KAUS,2026-07-04,KXHIGHAUS-26JUL04-B99.5,sell,55,3415,5498
KAUS,2026-07-04,KXHIGHAUS-26JUL04-B97.5,sell,43,469,-5702
KAUS,2026-07-04,KXHIGHAUS-26JUL04-B95.5,buy,6,1780,-601
KAUS,2026-07-04,KXHIGHAUS-26JUL04-B101.5,buy,2,371,-201
KAUS,2026-07-05,KXHIGHAUS-26JUL05-T94,buy,2,385,-201
KAUS,2026-07-05,KXHIGHAUS-26JUL05-T101,buy,2,1189,-201
KAUS,2026-07-05,KXHIGHAUS-26JUL05-B98.5,sell,59,3038,5898
KAUS,2026-07-05,KXHIGHAUS-26JUL05-B96.5,sell,32,1029,-6802
KAUS,2026-07-05,KXHIGHAUS-26JUL05-B94.5,buy,4,592,-401
KAUS,2026-07-05,KXHIGHAUS-26JUL05-B100.5,buy,8,1202,-801
KAUS,2026-07-06,KXHIGHAUS-26JUL06-T94,sell,18,1212,1798
KAUS,2026-07-06,KXHIGHAUS-26JUL06-T101,buy,2,1189,-201
KAUS,2026-07-06,KXHIGHAUS-26JUL06-B98.5,buy,13,1559,8699
KAUS,2026-07-06,KXHIGHAUS-26JUL06-B96.5,sell,50,2829,4998
KAUS,2026-07-06,KXHIGHAUS-26JUL06-B94.5,sell,20,1005,1998
KAUS,2026-07-06,KXHIGHAUS-26JUL06-B100.5,buy,3,1702,-301
KAUS,2026-07-07,KXHIGHAUS-26JUL07-T94,buy,6,365,-601
KAUS,2026-07-07,KXHIGHAUS-26JUL07-T101,buy,2,645,-201
KAUS,2026-07-07,KXHIGHAUS-26JUL07-B98.5,sell,41,1518,-5902
KAUS,2026-07-07,KXHIGHAUS-26JUL07-B96.5,sell,39,1206,3898
KAUS,2026-07-07,KXHIGHAUS-26JUL07-B94.5,buy,7,835,-701
KAUS,2026-07-07,KXHIGHAUS-26JUL07-B100.5,buy,5,878,-501
KAUS,2026-07-08,KXHIGHAUS-26JUL08-T95,buy,3,629,-301
KAUS,2026-07-08,KXHIGHAUS-26JUL08-T102,buy,1,103,-101
KAUS,2026-07-08,KXHIGHAUS-26JUL08-B99.5,sell,52,3115,-4802
KAUS,2026-07-08,KXHIGHAUS-26JUL08-B97.5,sell,41,269,4098
KAUS,2026-07-08,KXHIGHAUS-26JUL08-B95.5,buy,4,1980,-401
KAUS,2026-07-09,KXHIGHAUS-26JUL09-T94,buy,2,267,-201
KAUS,2026-07-09,KXHIGHAUS-26JUL09-T101,buy,2,191,-201
KAUS,2026-07-09,KXHIGHAUS-26JUL09-B98.5,sell,57,2497,-4302
KAUS,2026-07-09,KXHIGHAUS-26JUL09-B96.5,buy,22,1245,-2202
KAUS,2026-07-09,KXHIGHAUS-26JUL09-B94.5,buy,2,1151,-201
KAUS,2026-07-09,KXHIGHAUS-26JUL09-B100.5,sell,17,559,1699
KAUS,2026-07-10,KXHIGHAUS-26JUL10-T93,sell,25,1568,2498
KAUS,2026-07-10,KXHIGHAUS-26JUL10-T100,buy,1,103,-101
KAUS,2026-07-10,KXHIGHAUS-26JUL10-B99.5,buy,2,371,-201
KAUS,2026-07-10,KXHIGHAUS-26JUL10-B97.5,buy,4,1682,-401
KAUS,2026-07-10,KXHIGHAUS-26JUL10-B93.5,sell,33,917,3298
KAUS,2026-07-11,KXHIGHAUS-26JUL11-T98,buy,1,745,-101
KAUS,2026-07-11,KXHIGHAUS-26JUL11-T91,sell,30,2032,-7002
KAUS,2026-07-11,KXHIGHAUS-26JUL11-B97.5,buy,2,1178,-201
KAUS,2026-07-11,KXHIGHAUS-26JUL11-B95.5,buy,7,1879,-701
KAUS,2026-07-11,KXHIGHAUS-26JUL11-B93.5,buy,24,290,-2402
KAUS,2026-07-11,KXHIGHAUS-26JUL11-B91.5,sell,39,2362,3898
KAUS,2026-07-12,KXHIGHAUS-26JUL12-T97,buy,2,645,-201
KAUS,2026-07-12,KXHIGHAUS-26JUL12-T90,buy,2,765,-201
KAUS,2026-07-12,KXHIGHAUS-26JUL12-B96.5,buy,13,78,8699
KAUS,2026-07-12,KXHIGHAUS-26JUL12-B94.5,sell,42,1618,4198
KAUS,2026-07-12,KXHIGHAUS-26JUL12-B92.5,sell,29,206,2898
KAUS,2026-07-12,KXHIGHAUS-26JUL12-B90.5,buy,15,35,-1501
KAUS,2026-07-13,KXHIGHAUS-26JUL13-T96,buy,3,213,-301
KAUS,2026-07-13,KXHIGHAUS-26JUL13-T89,buy,8,778,-801
KAUS,2026-07-13,KXHIGHAUS-26JUL13-B95.5,buy,8,75,-801
KAUS,2026-07-13,KXHIGHAUS-26JUL13-B93.5,buy,20,1,7998
KAUS,2026-07-13,KXHIGHAUS-26JUL13-B91.5,sell,40,1138,3998
KAUS,2026-07-13,KXHIGHAUS-26JUL13-B89.5,sell,25,329,2498
KAUS,2026-07-14,KXHIGHAUS-26JUL14-T92,buy,1,214,-101
KAUS,2026-07-14,KXHIGHAUS-26JUL14-T85,sell,65,3996,-3502
KAUS,2026-07-14,KXHIGHAUS-26JUL14-B91.5,buy,2,331,-201
KAUS,2026-07-14,KXHIGHAUS-26JUL14-B89.5,buy,8,578,-801
KAUS,2026-07-14,KXHIGHAUS-26JUL14-B87.5,buy,7,1879,-701
KAUS,2026-07-14,KXHIGHAUS-26JUL14-B85.5,buy,26,90,-2602
KAUS,2026-07-15,KXHIGHAUS-26JUL15-T89,buy,1,745,-101
KAUS,2026-07-15,KXHIGHAUS-26JUL15-T82,sell,51,4132,-4902
KAUS,2026-07-15,KXHIGHAUS-26JUL15-B88.5,buy,2,1178,-201
KAUS,2026-07-15,KXHIGHAUS-26JUL15-B86.5,buy,4,2179,-401
KAUS,2026-07-15,KXHIGHAUS-26JUL15-B84.5,buy,14,1291,-1401
KAUS,2026-07-15,KXHIGHAUS-26JUL15-B82.5,sell,19,362,1898
KAUS,2026-07-16,KXHIGHAUS-26JUL16-T91,buy,6,245,-601
KAUS,2026-07-16,KXHIGHAUS-26JUL16-T84,buy,9,65,-901
KAUS,2026-07-16,KXHIGHAUS-26JUL16-B90.5,sell,15,120,-8501
KAUS,2026-07-16,KXHIGHAUS-26JUL16-B88.5,sell,34,818,3398
KAUS,2026-07-16,KXHIGHAUS-26JUL16-B86.5,sell,27,6,2698
KAUS,2026-07-17,KXHIGHAUS-26JUL17-T95,buy,3,91,-301
KAUS,2026-07-17,KXHIGHAUS-26JUL17-T88,buy,3,167,-301
KAUS,2026-07-17,KXHIGHAUS-26JUL17-B94.5,sell,19,758,-8102
KAUS,2026-07-17,KXHIGHAUS-26JUL17-B92.5,sell,47,1497,4698
KAUS,2026-07-17,KXHIGHAUS-26JUL17-B90.5,buy,32,245,-3202
KAUS,2026-07-17,KXHIGHAUS-26JUL17-B88.5,buy,5,851,-501
KAUS,2026-07-18,KXHIGHAUS-26JUL18-T97,sell,11,707,1099
KAUS,2026-07-18,KXHIGHAUS-26JUL18-T90,buy,2,267,-201
KAUS,2026-07-18,KXHIGHAUS-26JUL18-B96.5,sell,24,1258,2398
KAUS,2026-07-18,KXHIGHAUS-26JUL18-B94.5,sell,38,597,-6202
KAUS,2026-07-18,KXHIGHAUS-26JUL18-B92.5,buy,16,1846,-1601
KAUS,2026-07-18,KXHIGHAUS-26JUL18-B90.5,buy,5,851,-501
KAUS,2026-07-19,KXHIGHAUS-26JUL19-T93,buy,7,878,-701
KAUS,2026-07-19,KXHIGHAUS-26JUL19-T100,buy,1,413,-101
KAUS,2026-07-19,KXHIGHAUS-26JUL19-B99.5,buy,3,575,-301
KAUS,2026-07-19,KXHIGHAUS-26JUL19-B97.5,buy,19,101,-1902
KAUS,2026-07-19,KXHIGHAUS-26JUL19-B95.5,sell,56,2738,-4402
KAUS,2026-07-19,KXHIGHAUS-26JUL19-B93.5,buy,21,67,-2102
KAUS,2026-07-20,KXHIGHAUS-26JUL20-T93,buy,2,765,-201
KAUS,2026-07-20,KXHIGHAUS-26JUL20-T100,buy,2,645,-201
KAUS,2026-07-20,KXHIGHAUS-26JUL20-B99.5,sell,22,819,2198
KAUS,2026-07-20,KXHIGHAUS-26JUL20-B97.5,sell,49,2318,-5102
KAUS,2026-07-20,KXHIGHAUS-26JUL20-B93.5,buy,3,1235,-301
KAUS,2026-07-21,KXHIGHAUS-26JUL21-T95,buy,2,40,-201
KAUS,2026-07-21,KXHIGHAUS-26JUL21-B99.5,sell,46,769,4598
KAUS,2026-07-21,KXHIGHAUS-26JUL21-B97.5,buy,10,1380,-1001
KAUS,2026-07-21,KXHIGHAUS-26JUL21-B95.5,buy,3,388,-301
KAUS,2026-07-21,KXHIGHAUS-26JUL21-B101.5,sell,36,1515,-6402
KAUS,2026-07-22,KXHIGHAUS-26JUL22-T99,buy,1,140,-101
KAUS,2026-07-22,KXHIGHAUS-26JUL22-T106,buy,5,275,-501
KAUS,2026-07-22,KXHIGHAUS-26JUL22-B99.5,buy,3,388,-301
KAUS,2026-07-22,KXHIGHAUS-26JUL22-B105.5,buy,17,382,-1701
KAUS,2026-07-22,KXHIGHAUS-26JUL22-B103.5,sell,52,1369,-4802
KAUS,2026-07-22,KXHIGHAUS-26JUL22-B101.5,buy,18,579,-1802
KAUS,2026-07-23,KXHIGHAUS-26JUL23-T97,buy,4,529,-401
KAUS,2026-07-23,KXHIGHAUS-26JUL23-T104,buy,1,103,-101
KAUS,2026-07-23,KXHIGHAUS-26JUL23-B99.5,sell,55,1669,-4502
KAUS,2026-07-23,KXHIGHAUS-26JUL23-B97.5,buy,10,1380,-1001
KAUS,2026-07-23,KXHIGHAUS-26JUL23-B101.5,sell,24,315,2398
KAUS,2026-07-24,KXHIGHAUS-26JUL24-T93,sell,5,31,499
KAUS,2026-07-24,KXHIGHAUS-26JUL24-T100,buy,2,191,-201
KAUS,2026-07-24,KXHIGHAUS-26JUL24-B99.5,buy,6,539,-601
KAUS,2026-07-24,KXHIGHAUS-26JUL24-B97.5,sell,38,597,3798
KAUS,2026-07-24,KXHIGHAUS-26JUL24-B95.5,sell,42,751,-5802
KAUS,2026-07-24,KXHIGHAUS-26JUL24-B93.5,buy,9,451,-901
KAUS,2026-07-25,KXHIGHAUS-26JUL25-T95,buy,6,1220,-601
KAUS,2026-07-25,KXHIGHAUS-26JUL25-B99.5,buy,8,339,-801
KAUS,2026-07-25,KXHIGHAUS-26JUL25-B97.5,sell,40,797,-6002
KAUS,2026-07-25,KXHIGHAUS-26JUL25-B95.5,sell,48,1351,4798
KAUS,2026-07-26,KXHIGHAUS-26JUL26-T96,buy,2,1620,-201
KAUS,2026-07-26,KXHIGHAUS-26JUL26-T103,buy,1,9,-101
KAUS,2026-07-26,KXHIGHAUS-26JUL26-B98.5,sell,37,497,3698
KAUS,2026-07-26,KXHIGHAUS-26JUL26-B96.5,sell,54,1951,-4602
KAUS,2026-07-26,KXHIGHAUS-26JUL26-B102.5,buy,2,81,-201
KAUS,2026-07-26,KXHIGHAUS-26JUL26-B100.5,buy,6,539,-601
KAUS,2026-07-27,KXHIGHAUS-26JUL27-T96,buy,2,729,-201
KAUS,2026-07-27,KXHIGHAUS-26JUL27-B98.5,sell,59,2069,-4102
KAUS,2026-07-27,KXHIGHAUS-26JUL27-B96.5,sell,26,217,2598
KAUS,2026-07-27,KXHIGHAUS-26JUL27-B102.5,buy,3,271,-301
KAUS,2026-07-27,KXHIGHAUS-26JUL27-B100.5,buy,11,982,-1101
KAUS,2026-07-28,KXHIGHAUS-26JUL28-T97,buy,2,729,-201
KAUS,2026-07-28,KXHIGHAUS-26JUL28-T104,buy,1,103,-101
KAUS,2026-07-28,KXHIGHAUS-26JUL28-B99.5,sell,58,1969,-4202
KAUS,2026-07-28,KXHIGHAUS-26JUL28-B97.5,sell,36,1217,3598
KAUS,2026-07-28,KXHIGHAUS-26JUL28-B103.5,buy,2,371,-201
KAUS,2026-07-28,KXHIGHAUS-26JUL28-B101.5,buy,6,1482,-601
KAUS,2026-07-29,KXHIGHAUS-26JUL29-T96,buy,2,267,-201
KAUS,2026-07-29,KXHIGHAUS-26JUL29-T103,buy,2,191,-201
KAUS,2026-07-29,KXHIGHAUS-26JUL29-B98.5,sell,56,2151,-4402
KAUS,2026-07-29,KXHIGHAUS-26JUL29-B96.5,sell,16,247,1599
KAUS,2026-07-29,KXHIGHAUS-26JUL29-B102.5,buy,3,839,-301
KAUS,2026-07-29,KXHIGHAUS-26JUL29-B100.5,buy,25,699,-2502
KAUS,2026-07-30,KXHIGHAUS-26JUL30-T98,buy,3,629,-301
KAUS,2026-07-30,KXHIGHAUS-26JUL30-T105,buy,2,3,-201
KAUS,2026-07-30,KXHIGHAUS-26JUL30-B98.5,sell,47,2317,4698
KAUS,2026-07-30,KXHIGHAUS-26JUL30-B104.5,buy,2,371,-201
KAUS,2026-07-30,KXHIGHAUS-26JUL30-B102.5,buy,7,1382,-701
KAUS,2026-07-30,KXHIGHAUS-26JUL30-B100.5,sell,47,869,-5302
KAUS,2026-07-31,KXHIGHAUS-26JUL31-T98,buy,3,1520,-301
KAUS,2026-07-31,KXHIGHAUS-26JUL31-T105,buy,1,9,-101
KAUS,2026-07-31,KXHIGHAUS-26JUL31-B98.5,buy,27,745,-2702
KAUS,2026-07-31,KXHIGHAUS-26JUL31-B100.5,sell,63,3097,-3702
KAUS,2026-08-01,KXHIGHAUS-26AUG01-T96,buy,3,1152,-301
KAUS,2026-08-01,KXHIGHAUS-26AUG01-T103,buy,2,1113,-201
KAUS,2026-08-01,KXHIGHAUS-26AUG01-B98.5,sell,35,1311,3498
KAUS,2026-08-01,KXHIGHAUS-26AUG01-B102.5,buy,14,4,-1401
KAUS,2026-08-01,KXHIGHAUS-26AUG01-B100.5,sell,40,1870,3998
KAUS,2026-08-02,KXHIGHAUS-26AUG02-T99,buy,23,1009,-2302
KAUS,2026-08-02,KXHIGHAUS-26AUG02-B99.5,sell,47,869,-5302
KAUS,2026-08-02,KXHIGHAUS-26AUG02-B103.5,buy,4,171,-401
KAUS,2026-08-02,KXHIGHAUS-26AUG02-B101.5,sell,30,915,2998
KAUS,2026-08-03,KXHIGHAUS-26AUG03-T107,buy,1,24,-101
KAUS,2026-08-03,KXHIGHAUS-26AUG03-T100,buy,8,4393,-801
KAUS,2026-08-03,KXHIGHAUS-26AUG03-B106.5,buy,1,88,-101
KAUS,2026-08-03,KXHIGHAUS-26AUG03-B104.5,buy,3,231,-301
KAUS,2026-08-03,KXHIGHAUS-26AUG03-B102.5,sell,46,3219,-5402
KAUS,2026-08-03,KXHIGHAUS-26AUG03-B100.5,sell,47,2118,4698
KAUS,2026-08-04,KXHIGHAUS-26AUG04-T97,buy,2,267,-201
KAUS,2026-08-04,KXHIGHAUS-26AUG04-T104,buy,1,291,-101
KAUS,2026-08-04,KXHIGHAUS-26AUG04-B99.5,sell,46,1151,4598
KAUS,2026-08-04,KXHIGHAUS-26AUG04-B97.5,sell,18,446,1798
KAUS,2026-08-04,KXHIGHAUS-26AUG04-B103.5,buy,3,839,-301
KAUS,2026-08-04,KXHIGHAUS-26AUG04-B101.5,sell,36,397,-6402
KDEN,2026-05-24,KXHIGHDEN-26MAY24-T86,buy,2,152,-201
KDEN,2026-05-24,KXHIGHDEN-26MAY24-T79,buy,5,889,-501
KDEN,2026-05-24,KXHIGHDEN-26MAY24-B83.5,sell,33,1205,3298
KDEN,2026-05-24,KXHIGHDEN-26MAY24-B81.5,sell,41,1056,-5902
KDEN,2026-05-24,KXHIGHDEN-26MAY24-B79.5,buy,17,579,-1701
KDEN,2026-05-25,KXHIGHDEN-26MAY25-T87,buy,3,894,-301
KDEN,2026-05-25,KXHIGHDEN-26MAY25-T80,buy,2,217,-201
KDEN,2026-05-25,KXHIGHDEN-26MAY25-B86.5,sell,33,1205,3298
KDEN,2026-05-25,KXHIGHDEN-26MAY25-B84.5,sell,44,1356,-5602
KDEN,2026-05-25,KXHIGHDEN-26MAY25-B82.5,buy,20,278,-2002
KDEN,2026-05-25,KXHIGHDEN-26MAY25-B80.5,buy,5,471,-501
KDEN,2026-05-26,KXHIGHDEN-26MAY26-T84,buy,2,152,-201
KDEN,2026-05-26,KXHIGHDEN-26MAY26-T77,sell,24,1008,2398
KDEN,2026-05-26,KXHIGHDEN-26MAY26-B83.5,buy,3,541,-301
KDEN,2026-05-26,KXHIGHDEN-26MAY26-B81.5,buy,8,1292,-801
KDEN,2026-05-26,KXHIGHDEN-26MAY26-B79.5,buy,30,40,6998
KDEN,2026-05-26,KXHIGHDEN-26MAY26-B77.5,sell,41,1818,4098
KDEN,2026-05-27,KXHIGHDEN-26MAY27-T78,buy,2,1144,-201
KDEN,2026-05-27,KXHIGHDEN-26MAY27-T71,sell,57,3069,-4302
KDEN,2026-05-27,KXHIGHDEN-26MAY27-B77.5,buy,3,800,-301
KDEN,2026-05-27,KXHIGHDEN-26MAY27-B75.5,buy,6,952,-601
KDEN,2026-05-27,KXHIGHDEN-26MAY27-B73.5,buy,11,670,-1101
KDEN,2026-05-27,KXHIGHDEN-26MAY27-B71.5,sell,29,1297,2898
KDEN,2026-05-28,KXHIGHDEN-26MAY28-T83,buy,1,742,-101
KDEN,2026-05-28,KXHIGHDEN-26MAY28-T76,sell,40,1885,3998
KDEN,2026-05-28,KXHIGHDEN-26MAY28-B82.5,buy,2,869,-201
KDEN,2026-05-28,KXHIGHDEN-26MAY28-B80.5,buy,4,1420,-401
KDEN,2026-05-28,KXHIGHDEN-26MAY28-B78.5,buy,20,239,-2002
KDEN,2026-05-28,KXHIGHDEN-26MAY28-B76.5,sell,39,1987,-6102
KDEN,2026-05-29,KXHIGHDEN-26MAY29-T86,buy,3,1044,-301
KDEN,2026-05-29,KXHIGHDEN-26MAY29-T79,buy,17,928,-1701
KDEN,2026-05-29,KXHIGHDEN-26MAY29-B83.5,sell,17,146,-8301
KDEN,2026-05-29,KXHIGHDEN-26MAY29-B81.5,sell,29,1127,2898
KDEN,2026-05-29,KXHIGHDEN-26MAY29-B79.5,sell,23,697,2298
KDEN,2026-05-30,KXHIGHDEN-26MAY30-T80,buy,4,442,-401
KDEN,2026-05-30,KXHIGHDEN-26MAY30-T73,buy,3,1812,-301
KDEN,2026-05-30,KXHIGHDEN-26MAY30-B79.5,sell,19,828,1898
KDEN,2026-05-30,KXHIGHDEN-26MAY30-B77.5,sell,41,2277,-5902
KDEN,2026-05-30,KXHIGHDEN-26MAY30-B75.5,sell,29,657,2898
KDEN,2026-05-30,KXHIGHDEN-26MAY30-B73.5,buy,7,1210,-701
KDEN,2026-05-31,KXHIGHDEN-26MAY31-T86,buy,1,86,-101
KDEN,2026-05-31,KXHIGHDEN-26MAY31-T79,buy,4,1950,-401
KDEN,2026-05-31,KXHIGHDEN-26MAY31-B83.5,sell,19,499,1898
KDEN,2026-05-31,KXHIGHDEN-26MAY31-B81.5,sell,52,2465,-4802
KDEN,2026-05-31,KXHIGHDEN-26MAY31-B79.5,buy,22,657,-2202
KDEN,2026-06-01,KXHIGHDEN-26JUN01-T84,buy,1,1188,-101
KDEN,2026-06-01,KXHIGHDEN-26JUN01-T77,buy,8,636,-801
KDEN,2026-06-01,KXHIGHDEN-26JUN01-B83.5,buy,3,1145,-301
KDEN,2026-06-01,KXHIGHDEN-26JUN01-B79.5,sell,42,2032,-5802
KDEN,2026-06-01,KXHIGHDEN-26JUN01-B77.5,sell,27,1149,2698
KDEN,2026-06-02,KXHIGHDEN-26JUN02-T86,buy,1,1244,-101
KDEN,2026-06-02,KXHIGHDEN-26JUN02-T79,sell,63,3669,-3702
KDEN,2026-06-02,KXHIGHDEN-26JUN02-B85.5,buy,2,900,-201
KDEN,2026-06-02,KXHIGHDEN-26JUN02-B83.5,buy,4,1152,-401
KDEN,2026-06-02,KXHIGHDEN-26JUN02-B81.5,buy,8,970,-801
KDEN,2026-06-02,KXHIGHDEN-26JUN02-B79.5,sell,22,597,2198
KDEN,2026-06-03,KXHIGHDEN-26JUN03-T88,buy,1,1188,-101
KDEN,2026-06-03,KXHIGHDEN-26JUN03-T81,sell,21,661,-7902
KDEN,2026-06-03,KXHIGHDEN-26JUN03-B87.5,buy,5,945,-501
KDEN,2026-06-03,KXHIGHDEN-26JUN03-B83.5,sell,26,432,2598
KDEN,2026-06-03,KXHIGHDEN-26JUN03-B81.5,sell,22,649,2198
KDEN,2026-06-04,KXHIGHDEN-26JUN04-T86,sell,6,107,599
KDEN,2026-06-04,KXHIGHDEN-26JUN04-B92.5,buy,3,24,-301
KDEN,2026-06-04,KXHIGHDEN-26JUN04-B90.5,sell,27,670,2698
KDEN,2026-06-04,KXHIGHDEN-26JUN04-B88.5,buy,44,258,5598
KDEN,2026-06-04,KXHIGHDEN-26JUN04-B86.5,buy,21,343,-2102
KDEN,2026-06-05,KXHIGHDEN-26JUN05-T94,buy,1,242,-101
KDEN,2026-06-05,KXHIGHDEN-26JUN05-T87,buy,30,1022,6998
KDEN,2026-06-05,KXHIGHDEN-26JUN05-B93.5,buy,1,399,-101
KDEN,2026-06-05,KXHIGHDEN-26JUN05-B91.5,buy,3,769,-301
KDEN,2026-06-05,KXHIGHDEN-26JUN05-B89.5,sell,20,177,1998
KDEN,2026-06-05,KXHIGHDEN-26JUN05-B87.5,sell,53,3057,5298
KDEN,2026-06-06,KXHIGHDEN-26JUN06-T97,buy,1,558,-101
KDEN,2026-06-06,KXHIGHDEN-26JUN06-T90,buy,4,374,-401
KDEN,2026-06-06,KXHIGHDEN-26JUN06-B96.5,buy,1,1298,-101
KDEN,2026-06-06,KXHIGHDEN-26JUN06-B94.5,buy,26,131,-2602
KDEN,2026-06-06,KXHIGHDEN-26JUN06-B92.5,sell,59,3039,5898
KDEN,2026-06-06,KXHIGHDEN-26JUN06-B90.5,sell,16,23,-8401
KDEN,2026-06-07,KXHIGHDEN-26JUN07-B96.5,buy,3,24,-301
KDEN,2026-06-07,KXHIGHDEN-26JUN07-B94.5,buy,14,627,-1401
KDEN,2026-06-07,KXHIGHDEN-26JUN07-B92.5,sell,48,138,4798
KDEN,2026-06-07,KXHIGHDEN-26JUN07-B90.5,sell,26,153,-7402
KDEN,2026-06-08,KXHIGHDEN-26JUN08-T91,buy,1,742,-101
KDEN,2026-06-08,KXHIGHDEN-26JUN08-T84,sell,56,3485,-4402
KDEN,2026-06-08,KXHIGHDEN-26JUN08-B90.5,buy,2,869,-201
KDEN,2026-06-08,KXHIGHDEN-26JUN08-B88.5,buy,6,1220,-601
KDEN,2026-06-08,KXHIGHDEN-26JUN08-B86.5,buy,16,640,-1601
KDEN,2026-06-08,KXHIGHDEN-26JUN08-B84.5,sell,28,887,2798
KDEN,2026-06-09,KXHIGHDEN-26JUN09-T96,buy,1,1094,-101
KDEN,2026-06-09,KXHIGHDEN-26JUN09-T89,buy,3,117,9699
KDEN,2026-06-09,KXHIGHDEN-26JUN09-B95.5,buy,4,1692,-401
KDEN,2026-06-09,KXHIGHDEN-26JUN09-B93.5,buy,25,540,-2502
KDEN,2026-06-09,KXHIGHDEN-26JUN09-B91.5,sell,45,2218,4498
KDEN,2026-06-09,KXHIGHDEN-26JUN09-B89.5,sell,27,1726,2698
KDEN,2026-06-10,KXHIGHDEN-26JUN10-T93,buy,1,742,-101
KDEN,2026-06-10,KXHIGHDEN-26JUN10-T86,buy,4,1712,-401
KDEN,2026-06-10,KXHIGHDEN-26JUN10-B92.5,buy,3,769,-301
KDEN,2026-06-10,KXHIGHDEN-26JUN10-B90.5,sell,29,1077,2898
KDEN,2026-06-10,KXHIGHDEN-26JUN10-B88.5,sell,43,2057,4298
KDEN,2026-06-10,KXHIGHDEN-26JUN10-B86.5,buy,19,9,8098
KDEN,2026-06-11,KXHIGHDEN-26JUN11-T76,buy,13,2369,-1301
KDEN,2026-06-11,KXHIGHDEN-26JUN11-B82.5,sell,4,146,399
KDEN,2026-06-11,KXHIGHDEN-26JUN11-B80.5,sell,12,357,1199
KDEN,2026-06-11,KXHIGHDEN-26JUN11-B78.5,sell,39,1805,3898
KDEN,2026-06-11,KXHIGHDEN-26JUN11-B76.5,sell,35,456,-6502
KDEN,2026-06-12,KXHIGHDEN-26JUN12-T91,buy,19,501,-1902
KDEN,2026-06-12,KXHIGHDEN-26JUN12-B90.5,buy,39,758,6098
KDEN,2026-06-12,KXHIGHDEN-26JUN12-B88.5,sell,37,1253,3698
KDEN,2026-06-12,KXHIGHDEN-26JUN12-B86.5,sell,12,773,1199
KDEN,2026-06-13,KXHIGHDEN-26JUN13-T83,buy,6,688,-601
KDEN,2026-06-13,KXHIGHDEN-26JUN13-T76,buy,11,336,-1101
KDEN,2026-06-13,KXHIGHDEN-26JUN13-B82.5,buy,13,145,-1301
KDEN,2026-06-13,KXHIGHDEN-26JUN13-B80.5,buy,21,11,-2102
KDEN,2026-06-13,KXHIGHDEN-26JUN13-B78.5,sell,39,1732,-6102
KDEN,2026-06-13,KXHIGHDEN-26JUN13-B76.5,buy,15,48,-1501
KDEN,2026-06-14,KXHIGHDEN-26JUN14-T62,buy,1,261,-101
KDEN,2026-06-14,KXHIGHDEN-26JUN14-B68.5,sell,19,804,1898
KDEN,2026-06-14,KXHIGHDEN-26JUN14-B64.5,sell,5,11,499
KDEN,2026-06-15,KXHIGHDEN-26JUN15-T75,buy,1,317,-101
KDEN,2026-06-15,KXHIGHDEN-26JUN15-B81.5,sell,41,2005,-5902
KDEN,2026-06-15,KXHIGHDEN-26JUN15-B79.5,sell,40,956,3998
KDEN,2026-06-15,KXHIGHDEN-26JUN15-B77.5,buy,12,1079,-1201
KDEN,2026-06-15,KXHIGHDEN-26JUN15-B75.5,buy,3,671,-301
KDEN,2026-06-16,KXHIGHDEN-26JUN16-T93,buy,2,994,-201
KDEN,2026-06-16,KXHIGHDEN-26JUN16-T86,buy,1,317,-101
KDEN,2026-06-16,KXHIGHDEN-26JUN16-B92.5,sell,21,5,-7902
KDEN,2026-06-16,KXHIGHDEN-26JUN16-B90.5,sell,48,1756,4798
KDEN,2026-06-16,KXHIGHDEN-26JUN16-B88.5,sell,23,18,2298
KDEN,2026-06-16,KXHIGHDEN-26JUN16-B86.5,buy,5,471,-501
KDEN,2026-06-17,KXHIGHDEN-26JUN17-T99,buy,1,440,-101
KDEN,2026-06-17,KXHIGHDEN-26JUN17-T92,buy,14,1585,8599
KDEN,2026-06-17,KXHIGHDEN-26JUN17-B98.5,buy,3,447,-301
KDEN,2026-06-17,KXHIGHDEN-26JUN17-B96.5,sell,17,253,1699
KDEN,2026-06-17,KXHIGHDEN-26JUN17-B94.5,sell,32,1085,3198
KDEN,2026-06-17,KXHIGHDEN-26JUN17-B92.5,sell,28,632,2798
KDEN,2026-06-18,KXHIGHDEN-26JUN18-T88,buy,25,2288,-2502
KDEN,2026-06-18,KXHIGHDEN-26JUN18-B87.5,sell,38,939,-6202
KDEN,2026-06-18,KXHIGHDEN-26JUN18-B85.5,sell,24,822,2398
KDEN,2026-06-19,KXHIGHDEN-26JUN19-T92,buy,1,440,-101
KDEN,2026-06-19,KXHIGHDEN-26JUN19-B91.5,buy,4,347,-401
KDEN,2026-06-19,KXHIGHDEN-26JUN19-B89.5,buy,4,1045,-401
KDEN,2026-06-19,KXHIGHDEN-26JUN19-B87.5,sell,27,585,2698
KDEN,2026-06-19,KXHIGHDEN-26JUN19-B85.5,sell,38,1632,3798
KDEN,2026-06-20,KXHIGHDEN-26JUN20-T96,buy,3,1612,-301
KDEN,2026-06-20,KXHIGHDEN-26JUN20-T89,sell,16,652,1599
KDEN,2026-06-20,KXHIGHDEN-26JUN20-B95.5,buy,12,620,-1201
KDEN,2026-06-20,KXHIGHDEN-26JUN20-B93.5,sell,24,157,2398
KDEN,2026-06-20,KXHIGHDEN-26JUN20-B91.5,sell,33,1387,3298
KDEN,2026-06-20,KXHIGHDEN-26JUN20-B89.5,sell,17,532,-8301
KDEN,2026-06-21,KXHIGHDEN-26JUN21-T93,buy,2,152,-201
KDEN,2026-06-21,KXHIGHDEN-26JUN21-T86,buy,4,989,-401
KDEN,2026-06-21,KXHIGHDEN-26JUN21-B92.5,buy,7,141,-701
KDEN,2026-06-21,KXHIGHDEN-26JUN21-B90.5,sell,27,605,-7302
KDEN,2026-06-21,KXHIGHDEN-26JUN21-B88.5,sell,37,656,3698
KDEN,2026-06-21,KXHIGHDEN-26JUN21-B86.5,buy,21,178,-2102
KDEN,2026-06-22,KXHIGHDEN-26JUN22-T91,buy,3,894,-301
KDEN,2026-06-22,KXHIGHDEN-26JUN22-T84,buy,4,17,-401
KDEN,2026-06-22,KXHIGHDEN-26JUN22-B90.5,sell,23,205,2298
KDEN,2026-06-22,KXHIGHDEN-26JUN22-B88.5,sell,38,756,-6202
KDEN,2026-06-22,KXHIGHDEN-26JUN22-B86.5,sell,25,218,2498
KDEN,2026-06-22,KXHIGHDEN-26JUN22-B84.5,buy,6,371,-601
KDEN,2026-06-23,KXHIGHDEN-26JUN23-T88,buy,2,1634,-201
KDEN,2026-06-23,KXHIGHDEN-26JUN23-B87.5,buy,4,939,-401
KDEN,2026-06-23,KXHIGHDEN-26JUN23-B85.5,buy,12,505,-1201
KDEN,2026-06-23,KXHIGHDEN-26JUN23-B83.5,sell,26,865,2598
KDEN,2026-06-23,KXHIGHDEN-26JUN23-B81.5,sell,28,1397,-7202
KDEN,2026-06-24,KXHIGHDEN-26JUN24-T90,buy,7,2473,9299
KDEN,2026-06-24,KXHIGHDEN-26JUN24-T83,buy,8,258,-801
KDEN,2026-06-24,KXHIGHDEN-26JUN24-B89.5,buy,11,605,-1101
KDEN,2026-06-24,KXHIGHDEN-26JUN24-B87.5,sell,25,765,2498
KDEN,2026-06-24,KXHIGHDEN-26JUN24-B85.5,sell,26,1197,2598
KDEN,2026-06-24,KXHIGHDEN-26JUN24-B83.5,sell,18,871,1798
KDEN,2026-06-25,KXHIGHDEN-26JUN25-T82,buy,1,1684,-101
KDEN,2026-06-25,KXHIGHDEN-26JUN25-T75,sell,57,2697,5698
KDEN,2026-06-25,KXHIGHDEN-26JUN25-B81.5,buy,2,850,-201
KDEN,2026-06-25,KXHIGHDEN-26JUN25-B79.5,buy,4,935,-401
KDEN,2026-06-25,KXHIGHDEN-26JUN25-B77.5,sell,18,336,1798
KDEN,2026-06-25,KXHIGHDEN-26JUN25-B75.5,sell,20,633,-8002
KDEN,2026-06-26,KXHIGHDEN-26JUN26-T90,buy,5,1334,-501
KDEN,2026-06-26,KXHIGHDEN-26JUN26-T83,buy,3,1685,-301
KDEN,2026-06-26,KXHIGHDEN-26JUN26-B89.5,sell,17,359,-8301
KDEN,2026-06-26,KXHIGHDEN-26JUN26-B87.5,sell,39,2192,3898
KDEN,2026-06-26,KXHIGHDEN-26JUN26-B85.5,sell,24,665,2398
KDEN,2026-06-26,KXHIGHDEN-26JUN26-B83.5,buy,9,500,-901
KDEN,2026-06-27,KXHIGHDEN-26JUN27-T97,buy,4,442,-401
KDEN,2026-06-27,KXHIGHDEN-26JUN27-T90,buy,2,1912,-201
KDEN,2026-06-27,KXHIGHDEN-26JUN27-B96.5,sell,13,229,-8701
KDEN,2026-06-27,KXHIGHDEN-26JUN27-B94.5,sell,48,2977,4798
KDEN,2026-06-27,KXHIGHDEN-26JUN27-B92.5,sell,27,457,2698
KDEN,2026-06-27,KXHIGHDEN-26JUN27-B90.5,buy,4,1510,-401
KDEN,2026-06-28,KXHIGHDEN-26JUN28-T97,buy,5,1412,-501
KDEN,2026-06-28,KXHIGHDEN-26JUN28-T90,buy,2,746,-201
KDEN,2026-06-28,KXHIGHDEN-26JUN28-B96.5,sell,23,477,2298
KDEN,2026-06-28,KXHIGHDEN-26JUN28-B94.5,sell,57,3457,-4302
KDEN,2026-06-28,KXHIGHDEN-26JUN28-B92.5,buy,17,210,-1701
KDEN,2026-06-28,KXHIGHDEN-26JUN28-B90.5,buy,5,666,-501
KDEN,2026-06-29,KXHIGHDEN-26JUN29-T94,buy,2,642,-201
KDEN,2026-06-29,KXHIGHDEN-26JUN29-T87,buy,17,412,-1701
KDEN,2026-06-29,KXHIGHDEN-26JUN29-B93.5,buy,3,769,-301
KDEN,2026-06-29,KXHIGHDEN-26JUN29-B91.5,buy,9,920,-901
KDEN,2026-06-29,KXHIGHDEN-26JUN29-B89.5,sell,46,2357,4598
KDEN,2026-06-29,KXHIGHDEN-26JUN29-B87.5,sell,25,587,-7502
KDEN,2026-06-30,KXHIGHDEN-26JUN30-T96,buy,1,440,-101
KDEN,2026-06-30,KXHIGHDEN-26JUN30-T89,buy,12,1785,-1201
KDEN,2026-06-30,KXHIGHDEN-26JUN30-B95.5,buy,2,547,-201
KDEN,2026-06-30,KXHIGHDEN-26JUN30-B93.5,buy,13,145,-1301
KDEN,2026-06-30,KXHIGHDEN-26JUN30-B91.5,sell,26,485,-7402
KDEN,2026-06-30,KXHIGHDEN-26JUN30-B89.5,sell,51,2932,5098
KDEN,2026-07-01,KXHIGHDEN-26JUL01-T93,buy,4,258,-401
KDEN,2026-07-01,KXHIGHDEN-26JUL01-T86,buy,4,374,-401
KDEN,2026-07-01,KXHIGHDEN-26JUL01-B92.5,sell,19,499,1898
KDEN,2026-07-01,KXHIGHDEN-26JUL01-B90.5,sell,42,1465,4198
KDEN,2026-07-01,KXHIGHDEN-26JUL01-B88.5,sell,31,239,-6902
KDEN,2026-07-01,KXHIGHDEN-26JUL01-B86.5,buy,9,675,-901
KDEN,2026-07-02,KXHIGHDEN-26JUL02-T96,buy,2,152,-201
KDEN,2026-07-02,KXHIGHDEN-26JUL02-T89,buy,3,1089,-301
KDEN,2026-07-02,KXHIGHDEN-26JUL02-B95.5,buy,5,341,-501
KDEN,2026-07-02,KXHIGHDEN-26JUL02-B93.5,buy,19,191,-1902
KDEN,2026-07-02,KXHIGHDEN-26JUL02-B91.5,sell,53,2256,5298
KDEN,2026-07-02,KXHIGHDEN-26JUL02-B89.5,sell,23,18,-7702
KDEN,2026-07-03,KXHIGHDEN-26JUL03-T95,buy,3,894,-301
KDEN,2026-07-03,KXHIGHDEN-26JUL03-T88,buy,3,117,-301
KDEN,2026-07-03,KXHIGHDEN-26JUL03-B94.5,buy,8,1292,-801
KDEN,2026-07-03,KXHIGHDEN-26JUL03-B92.5,sell,46,1556,4598
KDEN,2026-07-03,KXHIGHDEN-26JUL03-B90.5,sell,33,1018,-6702
KDEN,2026-07-03,KXHIGHDEN-26JUL03-B88.5,buy,4,571,-401
KDEN,2026-07-04,KXHIGHDEN-26JUL04-T92,buy,3,1756,-301
KDEN,2026-07-04,KXHIGHDEN-26JUL04-T85,buy,2,21,-201
KDEN,2026-07-04,KXHIGHDEN-26JUL04-B91.5,buy,12,1532,8799
KDEN,2026-07-04,KXHIGHDEN-26JUL04-B89.5,sell,51,2239,5098
KDEN,2026-07-04,KXHIGHDEN-26JUL04-B87.5,sell,22,622,2198
KDEN,2026-07-05,KXHIGHDEN-26JUL05-T94,sell,49,2841,-5102
KDEN,2026-07-05,KXHIGHDEN-26JUL05-T87,buy,2,21,-201
KDEN,2026-07-05,KXHIGHDEN-26JUL05-B93.5,sell,34,665,3398
KDEN,2026-07-05,KXHIGHDEN-26JUL05-B91.5,buy,17,1158,-1701
KDEN,2026-07-05,KXHIGHDEN-26JUL05-B89.5,buy,3,1275,-301
KDEN,2026-07-05,KXHIGHDEN-26JUL05-B87.5,buy,2,352,-201
KDEN,2026-07-06,KXHIGHDEN-26JUL06-T92,sell,1,34,99
KDEN,2026-07-06,KXHIGHDEN-26JUL06-B98.5,sell,27,670,2698
KDEN,2026-07-06,KXHIGHDEN-26JUL06-B96.5,sell,56,938,-4402
KDEN,2026-07-06,KXHIGHDEN-26JUL06-B94.5,buy,12,1244,-1201
KDEN,2026-07-06,KXHIGHDEN-26JUL06-B92.5,buy,2,225,-201
KDEN,2026-07-07,KXHIGHDEN-26JUL07-T96,buy,39,888,6098
KDEN,2026-07-07,KXHIGHDEN-26JUL07-B95.5,sell,38,939,3798
KDEN,2026-07-07,KXHIGHDEN-26JUL07-B93.5,sell,17,123,1699
KDEN,2026-07-07,KXHIGHDEN-26JUL07-B91.5,sell,8,246,799
KDEN,2026-07-08,KXHIGHDEN-26JUL08-T93,sell,50,2941,-5002
KDEN,2026-07-08,KXHIGHDEN-26JUL08-T86,buy,1,121,-101
KDEN,2026-07-08,KXHIGHDEN-26JUL08-B92.5,sell,32,465,3198
KDEN,2026-07-08,KXHIGHDEN-26JUL08-B90.5,buy,17,1158,-1701
KDEN,2026-07-08,KXHIGHDEN-26JUL08-B88.5,buy,4,1175,-401
KDEN,2026-07-08,KXHIGHDEN-26JUL08-B86.5,buy,2,352,-201
KDEN,2026-07-09,KXHIGHDEN-26JUL09-T91,sell,29,163,2898
KDEN,2026-07-09,KXHIGHDEN-26JUL09-T84,buy,2,409,-201
KDEN,2026-07-09,KXHIGHDEN-26JUL09-B90.5,sell,34,1285,-6602
KDEN,2026-07-09,KXHIGHDEN-26JUL09-B86.5,buy,12,348,-1201
KDEN,2026-07-09,KXHIGHDEN-26JUL09-B84.5,buy,3,526,-301
KDEN,2026-07-10,KXHIGHDEN-26JUL10-T91,sell,23,241,2298
KDEN,2026-07-10,KXHIGHDEN-26JUL10-T84,buy,2,21,-201
KDEN,2026-07-10,KXHIGHDEN-26JUL10-B90.5,sell,41,1365,4098
KDEN,2026-07-10,KXHIGHDEN-26JUL10-B88.5,buy,26,257,7398
KDEN,2026-07-10,KXHIGHDEN-26JUL10-B86.5,buy,9,675,-901
KDEN,2026-07-10,KXHIGHDEN-26JUL10-B84.5,buy,2,352,-201
KDEN,2026-07-11,KXHIGHDEN-26JUL11-T98,buy,3,1756,-301
KDEN,2026-07-11,KXHIGHDEN-26JUL11-T91,buy,1,121,-101
KDEN,2026-07-11,KXHIGHDEN-26JUL11-B97.5,sell,37,965,3698
KDEN,2026-07-11,KXHIGHDEN-26JUL11-B95.5,sell,46,1739,4598
KDEN,2026-07-11,KXHIGHDEN-26JUL11-B93.5,buy,10,575,8999
KDEN,2026-07-11,KXHIGHDEN-26JUL11-B91.5,buy,2,352,-201
KDEN,2026-07-12,KXHIGHDEN-26JUL12-T99,buy,3,358,-301
KDEN,2026-07-12,KXHIGHDEN-26JUL12-T92,buy,3,474,-301
KDEN,2026-07-12,KXHIGHDEN-26JUL12-B98.5,buy,5,898,-501
KDEN,2026-07-12,KXHIGHDEN-26JUL12-B96.5,sell,36,865,3598
KDEN,2026-07-12,KXHIGHDEN-26JUL12-B94.5,sell,49,2039,-5102
KDEN,2026-07-12,KXHIGHDEN-26JUL12-B92.5,buy,14,175,-1401
KDEN,2026-07-13,KXHIGHDEN-26JUL13-T93,buy,2,217,-201
KDEN,2026-07-13,KXHIGHDEN-26JUL13-T100,buy,2,994,-201
KDEN,2026-07-13,KXHIGHDEN-26JUL13-B99.5,buy,9,1192,-901
KDEN,2026-07-13,KXHIGHDEN-26JUL13-B97.5,sell,57,2656,-4302
KDEN,2026-07-13,KXHIGHDEN-26JUL13-B95.5,sell,35,1218,3498
KDEN,2026-07-13,KXHIGHDEN-26JUL13-B93.5,buy,3,671,-301
KDEN,2026-07-14,KXHIGHDEN-26JUL14-T93,buy,11,1250,-1101
KDEN,2026-07-14,KXHIGHDEN-26JUL14-T100,buy,1,86,-101
KDEN,2026-07-14,KXHIGHDEN-26JUL14-B99.5,buy,2,270,-201
KDEN,2026-07-14,KXHIGHDEN-26JUL14-B97.5,sell,17,300,1699
KDEN,2026-07-14,KXHIGHDEN-26JUL14-B95.5,sell,34,665,-6602
KDEN,2026-07-14,KXHIGHDEN-26JUL14-B93.5,sell,43,1439,4298
KDEN,2026-07-15,KXHIGHDEN-26JUL15-T96,buy,4,794,-401
KDEN,2026-07-15,KXHIGHDEN-26JUL15-T89,buy,2,217,-201
KDEN,2026-07-15,KXHIGHDEN-26JUL15-B95.5,sell,22,105,2198
KDEN,2026-07-15,KXHIGHDEN-26JUL15-B93.5,sell,49,1856,-5102
KDEN,2026-07-15,KXHIGHDEN-26JUL15-B91.5,sell,25,218,2498
KDEN,2026-07-15,KXHIGHDEN-26JUL15-B89.5,buy,6,371,-601
KDEN,2026-07-16,KXHIGHDEN-26JUL16-T96,buy,1,558,-101
KDEN,2026-07-16,KXHIGHDEN-26JUL16-T89,buy,3,474,-301
KDEN,2026-07-16,KXHIGHDEN-26JUL16-B93.5,sell,49,2165,-5102
KDEN,2026-07-16,KXHIGHDEN-26JUL16-B91.5,buy,28,57,-2802
KDEN,2026-07-16,KXHIGHDEN-26JUL16-B89.5,buy,10,575,-1001
KDEN,2026-07-17,KXHIGHDEN-26JUL17-T97,buy,2,152,-201
KDEN,2026-07-17,KXHIGHDEN-26JUL17-T90,buy,3,1089,-301
KDEN,2026-07-17,KXHIGHDEN-26JUL17-B96.5,buy,6,241,-601
KDEN,2026-07-17,KXHIGHDEN-26JUL17-B94.5,sell,35,1405,3498
KDEN,2026-07-17,KXHIGHDEN-26JUL17-B92.5,sell,45,1456,-5502
KDEN,2026-07-17,KXHIGHDEN-26JUL17-B90.5,buy,17,579,-1701
KDEN,2026-07-18,KXHIGHDEN-26JUL18-T98,buy,2,152,-201
KDEN,2026-07-18,KXHIGHDEN-26JUL18-T91,buy,3,1089,-301
KDEN,2026-07-18,KXHIGHDEN-26JUL18-B97.5,buy,4,441,-401
KDEN,2026-07-18,KXHIGHDEN-26JUL18-B95.5,sell,25,405,2498
KDEN,2026-07-18,KXHIGHDEN-26JUL18-B93.5,sell,50,1956,-5002
KDEN,2026-07-18,KXHIGHDEN-26JUL18-B91.5,buy,18,478,-1802
KDEN,2026-07-19,KXHIGHDEN-26JUL19-T93,buy,2,217,-201
KDEN,2026-07-19,KXHIGHDEN-26JUL19-T100,buy,4,794,-401
KDEN,2026-07-19,KXHIGHDEN-26JUL19-B99.5,buy,16,492,-1601
KDEN,2026-07-19,KXHIGHDEN-26JUL19-B97.5,sell,58,2756,-4202
KDEN,2026-07-19,KXHIGHDEN-26JUL19-B95.5,buy,21,178,-2102
KDEN,2026-07-19,KXHIGHDEN-26JUL19-B93.5,buy,3,671,-301
KDEN,2026-07-20,KXHIGHDEN-26JUL20-T95,buy,2,217,-201
KDEN,2026-07-20,KXHIGHDEN-26JUL20-T102,buy,7,494,-701
KDEN,2026-07-20,KXHIGHDEN-26JUL20-B99.5,sell,56,2556,-4402
KDEN,2026-07-20,KXHIGHDEN-26JUL20-B97.5,buy,12,1079,-1201
KDEN,2026-07-20,KXHIGHDEN-26JUL20-B95.5,buy,2,771,-201
KDEN,2026-07-20,KXHIGHDEN-26JUL20-B101.5,sell,22,105,2198
KDEN,2026-07-21,KXHIGHDEN-26JUL21-T96,buy,11,1634,-1101
KDEN,2026-07-21,KXHIGHDEN-26JUL21-T89,buy,2,409,-201
KDEN,2026-07-21,KXHIGHDEN-26JUL21-B95.5,sell,28,685,-7202
KDEN,2026-07-21,KXHIGHDEN-26JUL21-B93.5,sell,41,1932,4098
KDEN,2026-07-21,KXHIGHDEN-26JUL21-B91.5,sell,17,150,1699
KDEN,2026-07-21,KXHIGHDEN-26JUL21-B89.5,buy,7,126,-701
KDEN,2026-07-22,KXHIGHDEN-26JUL22-T95,sell,56,750,5598
KDEN,2026-07-22,KXHIGHDEN-26JUL22-T88,buy,2,44,-201
KDEN,2026-07-22,KXHIGHDEN-26JUL22-B94.5,sell,33,1132,-6702
KDEN,2026-07-22,KXHIGHDEN-26JUL22-B92.5,buy,7,848,-701
KDEN,2026-07-22,KXHIGHDEN-26JUL22-B90.5,buy,4,426,-401
KDEN,2026-07-22,KXHIGHDEN-26JUL22-B88.5,buy,3,64,-301
KDEN,2026-07-23,KXHIGHDEN-26JUL23-T89,buy,17,2033,-1701
KDEN,2026-07-23,KXHIGHDEN-26JUL23-T82,buy,2,187,-201
KDEN,2026-07-23,KXHIGHDEN-26JUL23-B88.5,sell,37,1457,-6302
KDEN,2026-07-23,KXHIGHDEN-26JUL23-B86.5,sell,33,1387,3298
KDEN,2026-07-23,KXHIGHDEN-26JUL23-B84.5,buy,11,66,-1101
KDEN,2026-07-23,KXHIGHDEN-26JUL23-B82.5,buy,4,158,-401
KDEN,2026-07-24,KXHIGHDEN-26JUL24-T96,sell,42,2141,4198
KDEN,2026-07-24,KXHIGHDEN-26JUL24-T89,buy,2,21,-201
KDEN,2026-07-24,KXHIGHDEN-26JUL24-B95.5,sell,35,765,-6502
KDEN,2026-07-24,KXHIGHDEN-26JUL24-B93.5,buy,21,757,-2102
KDEN,2026-07-24,KXHIGHDEN-26JUL24-B91.5,buy,5,1075,-501
KDEN,2026-07-24,KXHIGHDEN-26JUL24-B89.5,buy,3,252,-301
KDEN,2026-07-25,KXHIGHDEN-26JUL25-T94,buy,2,21,-201
KDEN,2026-07-25,KXHIGHDEN-26JUL25-T101,buy,5,1556,-501
KDEN,2026-07-25,KXHIGHDEN-26JUL25-B98.5,sell,47,1839,4698
KDEN,2026-07-25,KXHIGHDEN-26JUL25-B94.5,buy,2,352,-201
KDEN,2026-07-25,KXHIGHDEN-26JUL25-B100.5,sell,36,865,-6402
KDEN,2026-07-26,KXHIGHDEN-26JUL26-T96,buy,2,21,-201
KDEN,2026-07-26,KXHIGHDEN-26JUL26-T103,buy,10,1056,-1001
KDEN,2026-07-26,KXHIGHDEN-26JUL26-B98.5,buy,9,675,-901
KDEN,2026-07-26,KXHIGHDEN-26JUL26-B96.5,buy,2,352,-201
KDEN,2026-07-26,KXHIGHDEN-26JUL26-B102.5,sell,37,965,-6302
KDEN,2026-07-26,KXHIGHDEN-26JUL26-B100.5,sell,47,1839,4698
KDEN,2026-07-27,KXHIGHDEN-26JUL27-T93,sell,11,152,1099
KDEN,2026-07-27,KXHIGHDEN-26JUL27-T100,buy,2,1712,-201
KDEN,2026-07-27,KXHIGHDEN-26JUL27-B99.5,buy,6,1220,-601
KDEN,2026-07-27,KXHIGHDEN-26JUL27-B97.5,sell,24,157,2398
KDEN,2026-07-27,KXHIGHDEN-26JUL27-B95.5,sell,40,2087,3998
KDEN,2026-07-27,KXHIGHDEN-26JUL27-B93.5,sell,24,1231,-7602
KDEN,2026-07-28,KXHIGHDEN-26JUL28-T93,sell,43,564,4298
KDEN,2026-07-28,KXHIGHDEN-26JUL28-T86,buy,2,187,-201
KDEN,2026-07-28,KXHIGHDEN-26JUL28-B92.5,sell,23,57,-7702
KDEN,2026-07-28,KXHIGHDEN-26JUL28-B90.5,buy,16,310,-1601
KDEN,2026-07-28,KXHIGHDEN-26JUL28-B88.5,sell,14,232,1399
KDEN,2026-07-28,KXHIGHDEN-26JUL28-B86.5,sell,8,240,799
KDEN,2026-07-29,KXHIGHDEN-26JUL29-T93,buy,22,972,-2202
KDEN,2026-07-29,KXHIGHDEN-26JUL29-T86,buy,2,858,-201
KDEN,2026-07-29,KXHIGHDEN-26JUL29-B92.5,sell,35,1792,3498
KDEN,2026-07-29,KXHIGHDEN-26JUL29-B90.5,sell,36,1865,-6402
KDEN,2026-07-29,KXHIGHDEN-26JUL29-B88.5,buy,8,600,-801
KDEN,2026-07-29,KXHIGHDEN-26JUL29-B86.5,buy,3,626,-301
KDEN,2026-07-30,KXHIGHDEN-26JUL30-T96,buy,2,1088,-201
KDEN,2026-07-30,KXHIGHDEN-26JUL30-T89,buy,3,1136,-301
KDEN,2026-07-30,KXHIGHDEN-26JUL30-B95.5,buy,8,645,9199
KDEN,2026-07-30,KXHIGHDEN-26JUL30-B93.5,sell,41,1985,4098
KDEN,2026-07-30,KXHIGHDEN-26JUL30-B91.5,sell,38,1632,3798
KDEN,2026-07-30,KXHIGHDEN-26JUL30-B89.5,buy,15,48,-1501
KDEN,2026-07-31,KXHIGHDEN-26JUL31-T92,sell,15,210,1499
KDEN,2026-07-31,KXHIGHDEN-26JUL31-T85,buy,2,1236,-201
KDEN,2026-07-31,KXHIGHDEN-26JUL31-B91.5,sell,27,1252,2698
KDEN,2026-07-31,KXHIGHDEN-26JUL31-B89.5,sell,34,1285,-6602
KDEN,2026-07-31,KXHIGHDEN-26JUL31-B87.5,buy,15,665,-1501
KDEN,2026-07-31,KXHIGHDEN-26JUL31-B85.5,buy,4,1148,-401
KDEN,2026-08-01,KXHIGHDEN-26AUG01-T95,buy,11,94,-1101
KDEN,2026-08-01,KXHIGHDEN-26AUG01-T88,buy,2,217,-201
KDEN,2026-08-01,KXHIGHDEN-26AUG01-B94.5,sell,41,2005,-5902
KDEN,2026-08-01,KXHIGHDEN-26AUG01-B92.5,sell,40,956,3998
KDEN,2026-08-01,KXHIGHDEN-26AUG01-B90.5,buy,9,1379,-901
KDEN,2026-08-01,KXHIGHDEN-26AUG01-B88.5,buy,2,771,-201
KDEN,2026-08-02,KXHIGHDEN-26AUG02-T96,buy,2,21,-201
KDEN,2026-08-02,KXHIGHDEN-26AUG02-T103,buy,11,956,-1101
KDEN,2026-08-02,KXHIGHDEN-26AUG02-B98.5,buy,10,575,-1001
KDEN,2026-08-02,KXHIGHDEN-26AUG02-B96.5,buy,3,252,-301
KDEN,2026-08-02,KXHIGHDEN-26AUG02-B102.5,sell,36,865,-6402
KDEN,2026-08-02,KXHIGHDEN-26AUG02-B100.5,sell,43,1439,4298
KDEN,2026-08-03,KXHIGHDEN-26AUG03-T95,buy,2,409,-201
KDEN,2026-08-03,KXHIGHDEN-26AUG03-T102,buy,14,1334,-1401
KDEN,2026-08-03,KXHIGHDEN-26AUG03-B99.5,sell,33,1132,3298
KDEN,2026-08-03,KXHIGHDEN-26AUG03-B97.5,buy,4,1148,-401
KDEN,2026-08-03,KXHIGHDEN-26AUG03-B95.5,buy,2,626,-201
KDEN,2026-08-03,KXHIGHDEN-26AUG03-B101.5,sell,49,2785,-5102
KDEN,2026-08-04,KXHIGHDEN-26AUG04-T82,buy,3,2535,-301
KDEN,2026-08-04,KXHIGHDEN-26AUG04-T75,buy,19,4,8098
KDEN,2026-08-04,KXHIGHDEN-26AUG04-B81.5,buy,7,635,-701
KDEN,2026-08-04,KXHIGHDEN-26AUG04-B79.5,sell,23,836,2298
KDEN,2026-08-04,KXHIGHDEN-26AUG04-B77.5,sell,32,1833,3198
KDEN,2026-08-04,KXHIGHDEN-26AUG04-B75.5,sell,20,904,1998
KMIA,2026-05-24,KXHIGHMIA-26MAY24-B91.5,sell,11,869,1099
KMIA,2026-05-24,KXHIGHMIA-26MAY24-B89.5,sell,63,3064,-3702
KMIA,2026-05-24,KXHIGHMIA-26MAY24-B87.5,buy,26,3074,-2602
KMIA,2026-05-24,KXHIGHMIA-26MAY24-B85.5,buy,2,600,-201
KMIA,2026-05-25,KXHIGHMIA-26MAY25-B91.5,sell,5,269,499
KMIA,2026-05-25,KXHIGHMIA-26MAY25-B89.5,sell,62,2964,6198
KMIA,2026-05-25,KXHIGHMIA-26MAY25-B87.5,buy,33,2374,6698
KMIA,2026-05-25,KXHIGHMIA-26MAY25-B85.5,buy,1,700,-101
KMIA,2026-05-26,KXHIGHMIA-26MAY26-B92.5,buy,2,29,-201
KMIA,2026-05-26,KXHIGHMIA-26MAY26-B90.5,buy,22,1032,-2202
KMIA,2026-05-26,KXHIGHMIA-26MAY26-B88.5,sell,73,1622,-2702
KMIA,2026-05-27,KXHIGHMIA-26MAY27-B91.5,sell,3,69,299
KMIA,2026-05-27,KXHIGHMIA-26MAY27-B89.5,sell,62,2964,-3802
KMIA,2026-05-27,KXHIGHMIA-26MAY27-B87.5,buy,37,1974,-3702
KMIA,2026-05-27,KXHIGHMIA-26MAY27-B85.5,buy,2,600,-201
KMIA,2026-05-28,KXHIGHMIA-26MAY28-T85,buy,1,93,-101
KMIA,2026-05-28,KXHIGHMIA-26MAY28-B91.5,sell,3,247,299
KMIA,2026-05-28,KXHIGHMIA-26MAY28-B89.5,sell,34,2405,3398
KMIA,2026-05-28,KXHIGHMIA-26MAY28-B87.5,buy,51,871,-5102
KMIA,2026-05-28,KXHIGHMIA-26MAY28-B85.5,buy,13,1484,8699
KMIA,2026-05-29,KXHIGHMIA-26MAY29-T91,buy,8,33,9199
KMIA,2026-05-29,KXHIGHMIA-26MAY29-B90.5,sell,51,1946,5098
KMIA,2026-05-29,KXHIGHMIA-26MAY29-B88.5,buy,34,855,-3402
KMIA,2026-05-29,KXHIGHMIA-26MAY29-B86.5,buy,10,481,-1001
KMIA,2026-05-29,KXHIGHMIA-26MAY29-B84.5,buy,1,134,-101
KMIA,2026-05-30,KXHIGHMIA-26MAY30-T92,sell,10,879,999
KMIA,2026-05-30,KXHIGHMIA-26MAY30-T85,buy,2,74,-201
KMIA,2026-05-30,KXHIGHMIA-26MAY30-B91.5,sell,31,2385,3098
KMIA,2026-05-30,KXHIGHMIA-26MAY30-B89.5,sell,38,646,3798
KMIA,2026-05-30,KXHIGHMIA-26MAY30-B87.5,buy,21,2155,7898
KMIA,2026-05-30,KXHIGHMIA-26MAY30-B85.5,buy,1,1381,-101
KMIA,2026-05-31,KXHIGHMIA-26MAY31-T93,sell,4,79,-9601
KMIA,2026-05-31,KXHIGHMIA-26MAY31-T86,buy,1,3,-101
KMIA,2026-05-31,KXHIGHMIA-26MAY31-B92.5,sell,29,1229,2898
KMIA,2026-05-31,KXHIGHMIA-26MAY31-B90.5,buy,40,375,-4002
KMIA,2026-05-31,KXHIGHMIA-26MAY31-B88.5,buy,28,109,-2802
KMIA,2026-05-31,KXHIGHMIA-26MAY31-B86.5,buy,1,518,-101
KMIA,2026-06-01,KXHIGHMIA-26JUN01-T93,sell,20,1678,-8002
KMIA,2026-06-01,KXHIGHMIA-26JUN01-T86,buy,1,3,-101
KMIA,2026-06-01,KXHIGHMIA-26JUN01-B92.5,sell,33,1629,3298
KMIA,2026-06-01,KXHIGHMIA-26JUN01-B90.5,buy,39,475,-3902
KMIA,2026-06-01,KXHIGHMIA-26JUN01-B88.5,buy,8,2110,-801
KMIA,2026-06-01,KXHIGHMIA-26JUN01-B86.5,buy,1,518,-101
KMIA,2026-06-02,KXHIGHMIA-26JUN02-T93,sell,47,4378,-5302
KMIA,2026-06-02,KXHIGHMIA-26JUN02-T86,buy,1,3,-101
KMIA,2026-06-02,KXHIGHMIA-26JUN02-B92.5,sell,37,2029,3698
KMIA,2026-06-02,KXHIGHMIA-26JUN02-B90.5,buy,13,3076,-1301
KMIA,2026-06-02,KXHIGHMIA-26JUN02-B88.5,buy,4,2510,-401
KMIA,2026-06-02,KXHIGHMIA-26JUN02-B86.5,buy,2,418,-201
KMIA,2026-06-03,KXHIGHMIA-26JUN03-B88.5,buy,6,112,-601
KMIA,2026-06-03,KXHIGHMIA-26JUN03-B84.5,buy,42,55,-4202
KMIA,2026-06-04,KXHIGHMIA-26JUN04-T86,sell,3,243,299
KMIA,2026-06-04,KXHIGHMIA-26JUN04-T79,sell,2,187,199
KMIA,2026-06-04,KXHIGHMIA-26JUN04-B85.5,sell,21,1105,-7902
KMIA,2026-06-04,KXHIGHMIA-26JUN04-B83.5,buy,38,2171,-3802
KMIA,2026-06-04,KXHIGHMIA-26JUN04-B81.5,sell,31,313,3098
KMIA,2026-06-04,KXHIGHMIA-26JUN04-B79.5,sell,6,417,599
KMIA,2026-06-05,KXHIGHMIA-26JUN05-T88,sell,2,185,199
KMIA,2026-06-05,KXHIGHMIA-26JUN05-B87.5,sell,11,869,1099
KMIA,2026-06-05,KXHIGHMIA-26JUN05-B85.5,sell,56,2364,-4402
KMIA,2026-06-05,KXHIGHMIA-26JUN05-B83.5,buy,32,2474,-3202
KMIA,2026-06-05,KXHIGHMIA-26JUN05-B81.5,buy,4,400,-401
KMIA,2026-06-06,KXHIGHMIA-26JUN06-B89.5,sell,13,306,1299
KMIA,2026-06-06,KXHIGHMIA-26JUN06-B87.5,sell,66,625,-3402
KMIA,2026-06-06,KXHIGHMIA-26JUN06-B85.5,buy,19,883,-1902
KMIA,2026-06-06,KXHIGHMIA-26JUN06-B83.5,buy,1,81,-101
KMIA,2026-06-07,KXHIGHMIA-26JUN07-B91.5,sell,11,106,1099
KMIA,2026-06-07,KXHIGHMIA-26JUN07-B89.5,sell,61,125,-3902
KMIA,2026-06-07,KXHIGHMIA-26JUN07-B87.5,buy,26,183,-2602
KMIA,2026-06-07,KXHIGHMIA-26JUN07-B85.5,sell,6,417,599
KMIA,2026-06-08,KXHIGHMIA-26JUN08-B92.5,buy,5,492,-501
KMIA,2026-06-08,KXHIGHMIA-26JUN08-B90.5,sell,69,925,-3102
KMIA,2026-06-08,KXHIGHMIA-26JUN08-B88.5,buy,26,183,-2602
KMIA,2026-06-09,KXHIGHMIA-26JUN09-B91.5,sell,22,1205,2198
KMIA,2026-06-09,KXHIGHMIA-26JUN09-B89.5,buy,59,71,4098
KMIA,2026-06-09,KXHIGHMIA-26JUN09-B87.5,buy,22,583,-2202
KMIA,2026-06-09,KXHIGHMIA-26JUN09-B85.5,buy,1,81,-101
KMIA,2026-06-10,KXHIGHMIA-26JUN10-T92,buy,1,19,-101
KMIA,2026-06-10,KXHIGHMIA-26JUN10-T85,buy,1,174,-101
KMIA,2026-06-10,KXHIGHMIA-26JUN10-B91.5,buy,7,12,-701
KMIA,2026-06-10,KXHIGHMIA-26JUN10-B89.5,sell,46,1446,4598
KMIA,2026-06-10,KXHIGHMIA-26JUN10-B87.5,sell,49,641,-5102
KMIA,2026-06-10,KXHIGHMIA-26JUN10-B85.5,buy,3,1181,-301
KMIA,2026-06-11,KXHIGHMIA-26JUN11-T92,sell,2,143,199
KMIA,2026-06-11,KXHIGHMIA-26JUN11-B91.5,sell,17,706,1699
KMIA,2026-06-11,KXHIGHMIA-26JUN11-B87.5,buy,14,1384,-1401
KMIA,2026-06-11,KXHIGHMIA-26JUN11-B85.5,buy,1,81,-101
KMIA,2026-06-12,KXHIGHMIA-26JUN12-T93,sell,4,343,399
KMIA,2026-06-12,KXHIGHMIA-26JUN12-B92.5,sell,33,2305,3298
KMIA,2026-06-12,KXHIGHMIA-26JUN12-B90.5,buy,58,171,4198
KMIA,2026-06-12,KXHIGHMIA-26JUN12-B88.5,buy,6,2184,-601
KMIA,2026-06-12,KXHIGHMIA-26JUN12-B86.5,buy,1,81,-101
KMIA,2026-06-13,KXHIGHMIA-26JUN13-T93,sell,2,143,199
KMIA,2026-06-13,KXHIGHMIA-26JUN13-B92.5,sell,35,2505,3498
KMIA,2026-06-13,KXHIGHMIA-26JUN13-B90.5,buy,52,771,4798
KMIA,2026-06-13,KXHIGHMIA-26JUN13-B88.5,buy,13,1484,-1301
KMIA,2026-06-14,KXHIGHMIA-26JUN14-T94,sell,1,43,99
KMIA,2026-06-14,KXHIGHMIA-26JUN14-B93.5,sell,17,706,-8301
KMIA,2026-06-14,KXHIGHMIA-26JUN14-B91.5,sell,60,25,5998
KMIA,2026-06-14,KXHIGHMIA-26JUN14-B89.5,buy,19,883,-1902
KMIA,2026-06-14,KXHIGHMIA-26JUN14-B87.5,buy,1,81,-101
KMIA,2026-06-15,KXHIGHMIA-26JUN15-T94,sell,12,1143,-8801
KMIA,2026-06-15,KXHIGHMIA-26JUN15-B93.5,sell,46,3605,4598
KMIA,2026-06-15,KXHIGHMIA-26JUN15-B91.5,buy,38,2171,-3802
KMIA,2026-06-15,KXHIGHMIA-26JUN15-B89.5,buy,4,2384,-401
KMIA,2026-06-16,KXHIGHMIA-26JUN16-T95,sell,6,543,599
KMIA,2026-06-16,KXHIGHMIA-26JUN16-B94.5,sell,39,2905,-6102
KMIA,2026-06-16,KXHIGHMIA-26JUN16-B92.5,buy,45,1471,-4502
KMIA,2026-06-16,KXHIGHMIA-26JUN16-B90.5,buy,11,1684,-1101
KMIA,2026-06-16,KXHIGHMIA-26JUN16-B88.5,buy,1,81,-101
KMIA,2026-06-17,KXHIGHMIA-26JUN17-T96,sell,2,143,199
KMIA,2026-06-17,KXHIGHMIA-26JUN17-B95.5,sell,33,2305,3298
KMIA,2026-06-17,KXHIGHMIA-26JUN17-B93.5,buy,48,1171,5198
KMIA,2026-06-17,KXHIGHMIA-26JUN17-B91.5,buy,20,783,-2002
KMIA,2026-06-18,KXHIGHMIA-26JUN18-T96,sell,2,143,199
KMIA,2026-06-18,KXHIGHMIA-26JUN18-B95.5,buy,7,292,-701
KMIA,2026-06-18,KXHIGHMIA-26JUN18-B93.5,sell,68,825,-3202
KMIA,2026-06-18,KXHIGHMIA-26JUN18-B91.5,buy,19,883,-1902
KMIA,2026-06-18,KXHIGHMIA-26JUN18-B89.5,sell,2,17,199
KMIA,2026-06-19,KXHIGHMIA-26JUN19-B95.5,sell,10,6,999
KMIA,2026-06-19,KXHIGHMIA-26JUN19-B93.5,sell,66,625,6598
KMIA,2026-06-19,KXHIGHMIA-26JUN19-B91.5,buy,24,383,7598
KMIA,2026-06-19,KXHIGHMIA-26JUN19-B89.5,sell,2,17,199
KMIA,2026-06-20,KXHIGHMIA-26JUN20-T95,sell,1,43,99
KMIA,2026-06-20,KXHIGHMIA-26JUN20-B94.5,sell,13,306,1299
KMIA,2026-06-20,KXHIGHMIA-26JUN20-B92.5,sell,64,425,-3602
KMIA,2026-06-20,KXHIGHMIA-26JUN20-B90.5,buy,10,1784,-1001
KMIA,2026-06-20,KXHIGHMIA-26JUN20-B88.5,sell,2,17,199
KMIA,2026-06-21,KXHIGHMIA-26JUN21-T95,sell,3,55,299
KMIA,2026-06-21,KXHIGHMIA-26JUN21-B94.5,buy,32,32,6798
KMIA,2026-06-21,KXHIGHMIA-26JUN21-B92.5,buy,55,174,-5502
KMIA,2026-06-21,KXHIGHMIA-26JUN21-B90.5,sell,14,598,1399
KMIA,2026-06-21,KXHIGHMIA-26JUN21-B88.5,sell,1,58,99
KMIA,2026-06-22,KXHIGHMIA-26JUN22-T96,sell,1,85,99
KMIA,2026-06-22,KXHIGHMIA-26JUN22-B95.5,sell,9,669,899
KMIA,2026-06-22,KXHIGHMIA-26JUN22-B93.5,sell,57,2464,-4302
KMIA,2026-06-22,KXHIGHMIA-26JUN22-B91.5,buy,30,2674,-3002
KMIA,2026-06-22,KXHIGHMIA-26JUN22-B89.5,buy,3,500,-301
KMIA,2026-06-23,KXHIGHMIA-26JUN23-T96,buy,1,733,-101
KMIA,2026-06-23,KXHIGHMIA-26JUN23-B95.5,buy,6,2551,-601
KMIA,2026-06-23,KXHIGHMIA-26JUN23-B93.5,sell,59,1641,5898
KMIA,2026-06-23,KXHIGHMIA-26JUN23-B91.5,sell,30,1516,-7002
KMIA,2026-06-23,KXHIGHMIA-26JUN23-B89.5,sell,4,164,399
KMIA,2026-06-24,KXHIGHMIA-26JUN24-T95,buy,2,633,-201
KMIA,2026-06-24,KXHIGHMIA-26JUN24-B94.5,buy,7,2451,-701
KMIA,2026-06-24,KXHIGHMIA-26JUN24-B92.5,sell,60,1741,-4002
KMIA,2026-06-24,KXHIGHMIA-26JUN24-B90.5,sell,28,1316,2798
KMIA,2026-06-25,KXHIGHMIA-26JUN25-T95,buy,2,119,-201
KMIA,2026-06-25,KXHIGHMIA-26JUN25-T88,buy,1,3,-101
KMIA,2026-06-25,KXHIGHMIA-26JUN25-B94.5,buy,6,1068,-601
KMIA,2026-06-25,KXHIGHMIA-26JUN25-B92.5,sell,61,1721,-3902
KMIA,2026-06-25,KXHIGHMIA-26JUN25-B90.5,sell,32,287,3198
KMIA,2026-06-25,KXHIGHMIA-26JUN25-B88.5,buy,2,418,-201
KMIA,2026-06-26,KXHIGHMIA-26JUN26-T95,buy,2,119,-201
KMIA,2026-06-26,KXHIGHMIA-26JUN26-T88,buy,1,3,-101
KMIA,2026-06-26,KXHIGHMIA-26JUN26-B94.5,buy,3,1368,-301
KMIA,2026-06-26,KXHIGHMIA-26JUN26-B92.5,sell,64,2021,-3602
KMIA,2026-06-26,KXHIGHMIA-26JUN26-B90.5,buy,29,9,-2902
KMIA,2026-06-26,KXHIGHMIA-26JUN26-B88.5,buy,3,318,-301
KMIA,2026-06-27,KXHIGHMIA-26JUN27-T95,buy,2,119,-201
KMIA,2026-06-27,KXHIGHMIA-26JUN27-T88,buy,1,3,-101
KMIA,2026-06-27,KXHIGHMIA-26JUN27-B94.5,buy,7,968,-701
KMIA,2026-06-27,KXHIGHMIA-26JUN27-B92.5,sell,64,2021,-3602
KMIA,2026-06-27,KXHIGHMIA-26JUN27-B90.5,sell,30,87,2998
KMIA,2026-06-27,KXHIGHMIA-26JUN27-B88.5,buy,3,318,-301
KMIA,2026-06-28,KXHIGHMIA-26JUN28-B94.5,buy,2,792,-201
KMIA,2026-06-28,KXHIGHMIA-26JUN28-B92.5,buy,57,271,4298
KMIA,2026-06-28,KXHIGHMIA-26JUN28-B90.5,sell,40,1213,3998
KMIA,2026-06-28,KXHIGHMIA-26JUN28-B88.5,sell,5,317,499
KMIA,2026-06-29,KXHIGHMIA-26JUN29-T96,buy,2,43,-201
KMIA,2026-06-29,KXHIGHMIA-26JUN29-B95.5,buy,10,2233,-1001
KMIA,2026-06-29,KXHIGHMIA-26JUN29-B93.5,sell,71,1422,-2902
KMIA,2026-06-29,KXHIGHMIA-26JUN29-B91.5,sell,21,1297,2098
KMIA,2026-06-29,KXHIGHMIA-26JUN29-B89.5,sell,1,58,99
KMIA,2026-06-30,KXHIGHMIA-26JUN30-T96,buy,2,1788,-201
KMIA,2026-06-30,KXHIGHMIA-26JUN30-B95.5,buy,33,1075,-3302
KMIA,2026-06-30,KXHIGHMIA-26JUN30-B93.5,sell,59,2987,-4102
KMIA,2026-06-30,KXHIGHMIA-26JUN30-B91.5,sell,7,80,699
KMIA,2026-07-01,KXHIGHMIA-26JUL01-T95,buy,2,633,-201
KMIA,2026-07-01,KXHIGHMIA-26JUL01-T88,sell,1,59,99
KMIA,2026-07-01,KXHIGHMIA-26JUL01-B94.5,buy,6,2551,-601
KMIA,2026-07-01,KXHIGHMIA-26JUL01-B92.5,sell,61,1841,-3902
KMIA,2026-07-01,KXHIGHMIA-26JUL01-B90.5,sell,32,1716,3198
KMIA,2026-07-02,KXHIGHMIA-26JUL02-T94,buy,2,119,-201
KMIA,2026-07-02,KXHIGHMIA-26JUL02-T87,buy,1,3,-101
KMIA,2026-07-02,KXHIGHMIA-26JUL02-B93.5,sell,25,829,-7502
KMIA,2026-07-02,KXHIGHMIA-26JUL02-B91.5,sell,52,821,5198
KMIA,2026-07-02,KXHIGHMIA-26JUL02-B89.5,buy,18,1109,-1802
KMIA,2026-07-02,KXHIGHMIA-26JUL02-B87.5,buy,3,318,-301
KMIA,2026-07-03,KXHIGHMIA-26JUL03-T95,buy,2,119,-201
KMIA,2026-07-03,KXHIGHMIA-26JUL03-T88,buy,1,3,-101
KMIA,2026-07-03,KXHIGHMIA-26JUL03-B94.5,buy,5,1168,-501
KMIA,2026-07-03,KXHIGHMIA-26JUL03-B92.5,sell,57,1321,5698
KMIA,2026-07-03,KXHIGHMIA-26JUL03-B90.5,sell,35,587,-6502
KMIA,2026-07-03,KXHIGHMIA-26JUL03-B88.5,buy,5,118,-501
KMIA,2026-07-04,KXHIGHMIA-26JUL04-T95,buy,3,19,-301
KMIA,2026-07-04,KXHIGHMIA-26JUL04-T88,buy,1,3,-101
KMIA,2026-07-04,KXHIGHMIA-26JUL04-B94.5,buy,5,1168,-501
KMIA,2026-07-04,KXHIGHMIA-26JUL04-B92.5,sell,50,621,-5002
KMIA,2026-07-04,KXHIGHMIA-26JUL04-B90.5,sell,37,787,3698
KMIA,2026-07-04,KXHIGHMIA-26JUL04-B88.5,buy,4,218,-401
KMIA,2026-07-05,KXHIGHMIA-26JUL05-T94,buy,3,19,-301
KMIA,2026-07-05,KXHIGHMIA-26JUL05-T87,buy,1,3,-101
KMIA,2026-07-05,KXHIGHMIA-26JUL05-B93.5,sell,33,1629,-6702
KMIA,2026-07-05,KXHIGHMIA-26JUL05-B91.5,sell,51,721,5098
KMIA,2026-07-05,KXHIGHMIA-26JUL05-B89.5,buy,11,1810,-1101
KMIA,2026-07-05,KXHIGHMIA-26JUL05-B87.5,buy,3,318,-301
KMIA,2026-07-06,KXHIGHMIA-26JUL06-T94,buy,3,533,-301
KMIA,2026-07-06,KXHIGHMIA-26JUL06-T87,sell,1,59,99
KMIA,2026-07-06,KXHIGHMIA-26JUL06-B93.5,buy,27,450,7298
KMIA,2026-07-06,KXHIGHMIA-26JUL06-B91.5,sell,54,1141,5398
KMIA,2026-07-06,KXHIGHMIA-26JUL06-B89.5,sell,15,17,1499
KMIA,2026-07-06,KXHIGHMIA-26JUL06-B87.5,sell,3,64,299
KMIA,2026-07-07,KXHIGHMIA-26JUL07-T95,buy,2,119,-201
KMIA,2026-07-07,KXHIGHMIA-26JUL07-B94.5,buy,8,868,-801
KMIA,2026-07-07,KXHIGHMIA-26JUL07-B92.5,sell,60,1621,-4002
KMIA,2026-07-07,KXHIGHMIA-26JUL07-B90.5,sell,31,187,3098
KMIA,2026-07-07,KXHIGHMIA-26JUL07-B88.5,buy,5,118,-501
KMIA,2026-07-08,KXHIGHMIA-26JUL08-B95.5,buy,9,92,-901
KMIA,2026-07-08,KXHIGHMIA-26JUL08-B93.5,sell,66,625,6598
KMIA,2026-07-08,KXHIGHMIA-26JUL08-B91.5,buy,24,383,7598
KMIA,2026-07-09,KXHIGHMIA-26JUL09-B96.5,buy,2,792,-201
KMIA,2026-07-09,KXHIGHMIA-26JUL09-B94.5,buy,37,2271,-3702
KMIA,2026-07-09,KXHIGHMIA-26JUL09-B92.5,sell,58,3013,-4202
KMIA,2026-07-09,KXHIGHMIA-26JUL09-B90.5,sell,7,517,699
KMIA,2026-07-10,KXHIGHMIA-26JUL10-T96,buy,1,219,-101
KMIA,2026-07-10,KXHIGHMIA-26JUL10-B95.5,buy,3,1368,-301
KMIA,2026-07-10,KXHIGHMIA-26JUL10-B93.5,buy,38,575,6198
KMIA,2026-07-10,KXHIGHMIA-26JUL10-B91.5,sell,58,2887,5798
KMIA,2026-07-10,KXHIGHMIA-26JUL10-B89.5,buy,5,118,-501
KMIA,2026-07-11,KXHIGHMIA-26JUL11-T96,buy,1,219,-101
KMIA,2026-07-11,KXHIGHMIA-26JUL11-T89,buy,1,3,-101
KMIA,2026-07-11,KXHIGHMIA-26JUL11-B95.5,buy,13,368,-1301
KMIA,2026-07-11,KXHIGHMIA-26JUL11-B93.5,sell,63,1921,6298
KMIA,2026-07-11,KXHIGHMIA-26JUL11-B91.5,buy,24,509,7598
KMIA,2026-07-11,KXHIGHMIA-26JUL11-B89.5,buy,3,318,-301
KMIA,2026-07-12,KXHIGHMIA-26JUL12-T97,buy,2,633,-201
KMIA,2026-07-12,KXHIGHMIA-26JUL12-B96.5,buy,4,2751,-401
KMIA,2026-07-12,KXHIGHMIA-26JUL12-B94.5,sell,43,41,-5702
KMIA,2026-07-12,KXHIGHMIA-26JUL12-B92.5,sell,48,3316,4798
KMIA,2026-07-12,KXHIGHMIA-26JUL12-B90.5,sell,5,264,499
KMIA,2026-07-13,KXHIGHMIA-26JUL13-T97,buy,2,848,-201
KMIA,2026-07-13,KXHIGHMIA-26JUL13-B96.5,buy,12,4772,-1201
KMIA,2026-07-13,KXHIGHMIA-26JUL13-B94.5,sell,55,2713,5498
KMIA,2026-07-13,KXHIGHMIA-26JUL13-B92.5,sell,30,2816,-7002
KMIA,2026-07-13,KXHIGHMIA-26JUL13-B90.5,sell,4,389,399
KMIA,2026-07-14,KXHIGHMIA-26JUL14-T97,buy,2,43,-201
KMIA,2026-07-14,KXHIGHMIA-26JUL14-B96.5,buy,4,2833,-401
KMIA,2026-07-14,KXHIGHMIA-26JUL14-B94.5,buy,47,974,5298
KMIA,2026-07-14,KXHIGHMIA-26JUL14-B92.5,sell,48,3997,4798
KMIA,2026-07-14,KXHIGHMIA-26JUL14-B90.5,sell,2,158,199
KMIA,2026-07-15,KXHIGHMIA-26JUL15-T97,buy,2,43,-201
KMIA,2026-07-15,KXHIGHMIA-26JUL15-B96.5,buy,8,2433,-801
KMIA,2026-07-15,KXHIGHMIA-26JUL15-B92.5,sell,30,2197,2998
KMIA,2026-07-15,KXHIGHMIA-26JUL15-B90.5,sell,2,158,199
KMIA,2026-07-16,KXHIGHMIA-26JUL16-T97,buy,7,1288,-701
KMIA,2026-07-16,KXHIGHMIA-26JUL16-B96.5,buy,29,1475,7098
KMIA,2026-07-16,KXHIGHMIA-26JUL16-B94.5,sell,52,2287,5198
KMIA,2026-07-16,KXHIGHMIA-26JUL16-B92.5,sell,10,380,999
KMIA,2026-07-16,KXHIGHMIA-26JUL16-B90.5,sell,2,112,199
KMIA,2026-07-17,KXHIGHMIA-26JUL17-T97,buy,4,433,-401
KMIA,2026-07-17,KXHIGHMIA-26JUL17-B96.5,buy,31,50,-3102
KMIA,2026-07-17,KXHIGHMIA-26JUL17-B94.5,buy,40,255,5998
KMIA,2026-07-17,KXHIGHMIA-26JUL17-B92.5,sell,25,1016,2498
KMIA,2026-07-18,KXHIGHMIA-26JUL18-T95,sell,1,43,99
KMIA,2026-07-18,KXHIGHMIA-26JUL18-T88,sell,1,87,99
KMIA,2026-07-18,KXHIGHMIA-26JUL18-B94.5,buy,8,192,-801
KMIA,2026-07-18,KXHIGHMIA-26JUL18-B92.5,buy,50,971,-5002
KMIA,2026-07-18,KXHIGHMIA-26JUL18-B90.5,sell,39,1113,-6102
KMIA,2026-07-18,KXHIGHMIA-26JUL18-B88.5,sell,4,217,399
KMIA,2026-07-19,KXHIGHMIA-26JUL19-T95,buy,2,43,-201
KMIA,2026-07-19,KXHIGHMIA-26JUL19-B94.5,buy,20,1232,-2002
KMIA,2026-07-19,KXHIGHMIA-26JUL19-B92.5,sell,61,422,6098
KMIA,2026-07-19,KXHIGHMIA-26JUL19-B90.5,sell,16,798,-8401
KMIA,2026-07-19,KXHIGHMIA-26JUL19-B88.5,sell,2,158,199
KMIA,2026-07-20,KXHIGHMIA-26JUL20-B95.5,buy,4,592,-401
KMIA,2026-07-20,KXHIGHMIA-26JUL20-B93.5,buy,45,1471,5498
KMIA,2026-07-20,KXHIGHMIA-26JUL20-B91.5,sell,45,1713,4498
KMIA,2026-07-20,KXHIGHMIA-26JUL20-B89.5,sell,6,417,599
KMIA,2026-07-21,KXHIGHMIA-26JUL21-T96,sell,1,43,99
KMIA,2026-07-21,KXHIGHMIA-26JUL21-B95.5,buy,3,692,-301
KMIA,2026-07-21,KXHIGHMIA-26JUL21-B93.5,buy,55,471,-5502
KMIA,2026-07-21,KXHIGHMIA-26JUL21-B91.5,sell,40,1213,-6002
KMIA,2026-07-21,KXHIGHMIA-26JUL21-B89.5,sell,2,17,199
KMIA,2026-07-22,KXHIGHMIA-26JUL22-T95,buy,1,143,-101
KMIA,2026-07-22,KXHIGHMIA-26JUL22-B94.5,buy,8,2433,-801
KMIA,2026-07-22,KXHIGHMIA-26JUL22-B92.5,sell,64,722,-3602
KMIA,2026-07-22,KXHIGHMIA-26JUL22-B90.5,sell,30,2197,2998
KMIA,2026-07-22,KXHIGHMIA-26JUL22-B88.5,sell,2,158,199
KMIA,2026-07-23,KXHIGHMIA-26JUL23-T95,buy,2,43,-201
KMIA,2026-07-23,KXHIGHMIA-26JUL23-B94.5,buy,8,2433,-801
KMIA,2026-07-23,KXHIGHMIA-26JUL23-B92.5,sell,70,1322,-3002
KMIA,2026-07-23,KXHIGHMIA-26JUL23-B90.5,sell,22,1397,2198
KMIA,2026-07-23,KXHIGHMIA-26JUL23-B88.5,sell,2,158,199
KMIA,2026-07-24,KXHIGHMIA-26JUL24-T94,buy,2,633,-201
KMIA,2026-07-24,KXHIGHMIA-26JUL24-B93.5,buy,24,750,7598
KMIA,2026-07-24,KXHIGHMIA-26JUL24-B91.5,sell,59,1641,5898
KMIA,2026-07-24,KXHIGHMIA-26JUL24-B89.5,sell,15,17,1499
KMIA,2026-07-24,KXHIGHMIA-26JUL24-B87.5,buy,2,34,-201
KMIA,2026-07-25,KXHIGHMIA-26JUL25-T95,buy,2,43,-201
KMIA,2026-07-25,KXHIGHMIA-26JUL25-B94.5,buy,15,1733,-1501
KMIA,2026-07-25,KXHIGHMIA-26JUL25-B92.5,sell,58,122,-4202
KMIA,2026-07-25,KXHIGHMIA-26JUL25-B90.5,sell,18,997,1798
KMIA,2026-07-25,KXHIGHMIA-26JUL25-B88.5,sell,2,158,199
KMIA,2026-07-26,KXHIGHMIA-26JUL26-B93.5,sell,40,846,-6002
KMIA,2026-07-26,KXHIGHMIA-26JUL26-B91.5,buy,41,155,-4102
KMIA,2026-07-26,KXHIGHMIA-26JUL26-B89.5,buy,10,481,-1001
KMIA,2026-07-27,KXHIGHMIA-26JUL27-B93.5,sell,19,229,1898
KMIA,2026-07-27,KXHIGHMIA-26JUL27-B91.5,buy,41,275,5898
KMIA,2026-07-27,KXHIGHMIA-26JUL27-B89.5,sell,31,187,3098
KMIA,2026-07-27,KXHIGHMIA-26JUL27-B87.5,buy,5,118,-501
KMIA,2026-07-28,KXHIGHMIA-26JUL28-T95,buy,3,19,-301
KMIA,2026-07-28,KXHIGHMIA-26JUL28-T88,sell,2,95,199
KMIA,2026-07-28,KXHIGHMIA-26JUL28-B94.5,sell,20,329,1998
KMIA,2026-07-28,KXHIGHMIA-26JUL28-B90.5,buy,26,309,7398
KMIA,2026-07-28,KXHIGHMIA-26JUL28-B88.5,sell,7,80,699
KMIA,2026-07-29,KXHIGHMIA-26JUL29-T97,buy,3,19,-301
KMIA,2026-07-29,KXHIGHMIA-26JUL29-T90,buy,1,3,-101
KMIA,2026-07-29,KXHIGHMIA-26JUL29-B96.5,sell,17,30,1699
KMIA,2026-07-29,KXHIGHMIA-26JUL29-B94.5,sell,59,1521,-4102
KMIA,2026-07-29,KXHIGHMIA-26JUL29-B92.5,buy,22,709,-2202
KMIA,2026-07-29,KXHIGHMIA-26JUL29-B90.5,buy,3,318,-301
KMIA,2026-07-30,KXHIGHMIA-26JUL30-T97,buy,5,333,-501
KMIA,2026-07-30,KXHIGHMIA-26JUL30-B96.5,sell,37,546,-6302
KMIA,2026-07-30,KXHIGHMIA-26JUL30-B94.5,sell,48,541,4798
KMIA,2026-07-30,KXHIGHMIA-26JUL30-B92.5,buy,9,581,-901
KMIA,2026-07-30,KXHIGHMIA-26JUL30-B90.5,buy,1,134,-101
KMIA,2026-07-31,KXHIGHMIA-26JUL31-T96,sell,21,644,2098
KMIA,2026-07-31,KXHIGHMIA-26JUL31-T89,buy,1,57,-101
KMIA,2026-07-31,KXHIGHMIA-26JUL31-B95.5,sell,50,2211,-5002
KMIA,2026-07-31,KXHIGHMIA-26JUL31-B93.5,buy,29,442,-2902
KMIA,2026-07-31,KXHIGHMIA-26JUL31-B91.5,buy,3,1445,-301
KMIA,2026-07-31,KXHIGHMIA-26JUL31-B89.5,buy,2,310,-201
KMIA,2026-08-01,KXHIGHMIA-26AUG01-T95,buy,12,1425,-1201
KMIA,2026-08-01,KXHIGHMIA-26AUG01-B94.5,sell,47,1297,-5302
KMIA,2026-08-01,KXHIGHMIA-26AUG01-B92.5,sell,39,1243,3898
KMIA,2026-08-01,KXHIGHMIA-26AUG01-B90.5,buy,6,391,-601
KMIA,2026-08-01,KXHIGHMIA-26AUG01-B88.5,buy,2,48,-201
KMIA,2026-08-02,KXHIGHMIA-26AUG02-T95,buy,1,263,-101
KMIA,2026-08-02,KXHIGHMIA-26AUG02-T88,buy,2,467,-201
KMIA,2026-08-02,KXHIGHMIA-26AUG02-B94.5,buy,7,389,-701
KMIA,2026-08-02,KXHIGHMIA-26AUG02-B92.5,sell,50,2211,4998
KMIA,2026-08-02,KXHIGHMIA-26AUG02-B90.5,sell,37,354,-6302
KMIA,2026-08-02,KXHIGHMIA-26AUG02-B88.5,buy,7,1045,-701
KMIA,2026-08-03,KXHIGHMIA-26AUG03-T95,buy,3,443,-301
KMIA,2026-08-03,KXHIGHMIA-26AUG03-T88,buy,1,225,-101
KMIA,2026-08-03,KXHIGHMIA-26AUG03-B94.5,buy,17,181,-1701
KMIA,2026-08-03,KXHIGHMIA-26AUG03-B92.5,sell,47,1297,-5302
KMIA,2026-08-03,KXHIGHMIA-26AUG03-B90.5,sell,28,143,2798
KMIA,2026-08-03,KXHIGHMIA-26AUG03-B88.5,buy,7,291,-701
KMIA,2026-08-04,KXHIGHMIA-26AUG04-T93,buy,4,1053,-401
KMIA,2026-08-04,KXHIGHMIA-26AUG04-T86,buy,1,57,-101
KMIA,2026-08-04,KXHIGHMIA-26AUG04-B92.5,sell,34,611,-6602
KMIA,2026-08-04,KXHIGHMIA-26AUG04-B90.5,sell,46,1254,4598
KMIA,2026-08-04,KXHIGHMIA-26AUG04-B88.5,buy,11,645,-1101
KMIA,2026-08-04,KXHIGHMIA-26AUG04-B86.5,buy,3,210,-301
KNYC,2026-05-24,KXHIGHNY-26MAY24-T60,sell,83,4758,-1701
KNYC,2026-05-24,KXHIGHNY-26MAY24-B66.5,buy,1,79,-101
KNYC,2026-05-24,KXHIGHNY-26MAY24-B64.5,buy,1,617,-101
KNYC,2026-05-24,KXHIGHNY-26MAY24-B62.5,buy,4,1729,-401
KNYC,2026-05-24,KXHIGHNY-26MAY24-B60.5,buy,12,2170,-1201
KNYC,2026-05-25,KXHIGHNY-26MAY25-T79,buy,1,430,-101
KNYC,2026-05-25,KXHIGHNY-26MAY25-T72,sell,30,1287,2998
KNYC,2026-05-25,KXHIGHNY-26MAY25-B78.5,buy,2,759,-201
KNYC,2026-05-25,KXHIGHNY-26MAY25-B76.5,buy,4,1588,-401
KNYC,2026-05-25,KXHIGHNY-26MAY25-B74.5,buy,26,67,-2602
KNYC,2026-05-25,KXHIGHNY-26MAY25-B72.5,sell,39,1758,-6102
KNYC,2026-05-26,KXHIGHNY-26MAY26-T84,buy,1,430,-101
KNYC,2026-05-26,KXHIGHNY-26MAY26-T77,buy,4,1310,-401
KNYC,2026-05-26,KXHIGHNY-26MAY26-B83.5,buy,4,559,-401
KNYC,2026-05-26,KXHIGHNY-26MAY26-B81.5,sell,22,209,2198
KNYC,2026-05-26,KXHIGHNY-26MAY26-B79.5,sell,49,2229,-5102
KNYC,2026-05-26,KXHIGHNY-26MAY26-B77.5,sell,25,358,2498
KNYC,2026-05-27,KXHIGHNY-26MAY27-T84,sell,40,517,3998
KNYC,2026-05-27,KXHIGHNY-26MAY27-T77,buy,1,107,-101
KNYC,2026-05-27,KXHIGHNY-26MAY27-B83.5,sell,44,1729,4398
KNYC,2026-05-27,KXHIGHNY-26MAY27-B81.5,buy,19,238,8098
KNYC,2026-05-27,KXHIGHNY-26MAY27-B79.5,buy,2,888,-201
KNYC,2026-05-27,KXHIGHNY-26MAY27-B77.5,buy,1,313,-101
KNYC,2026-05-28,KXHIGHNY-26MAY28-T76,sell,54,1857,-4602
KNYC,2026-05-28,KXHIGHNY-26MAY28-B82.5,buy,1,79,-101
KNYC,2026-05-28,KXHIGHNY-26MAY28-B80.5,buy,2,517,-201
KNYC,2026-05-28,KXHIGHNY-26MAY28-B78.5,buy,9,1229,-901
KNYC,2026-05-28,KXHIGHNY-26MAY28-B76.5,sell,40,627,3998
KNYC,2026-05-29,KXHIGHNY-26MAY29-T78,sell,38,781,-6202
KNYC,2026-05-29,KXHIGHNY-26MAY29-B82.5,buy,2,150,-201
KNYC,2026-05-29,KXHIGHNY-26MAY29-B80.5,buy,8,1238,-801
KNYC,2026-05-29,KXHIGHNY-26MAY29-B78.5,sell,52,663,5198
KNYC,2026-05-30,KXHIGHNY-26MAY30-T68,buy,1,8104,-101
KNYC,2026-05-30,KXHIGHNY-26MAY30-B70.5,sell,5,133,499
KNYC,2026-05-30,KXHIGHNY-26MAY30-B68.5,sell,91,7788,-901
KNYC,2026-05-31,KXHIGHNY-26MAY31-T79,buy,2,756,-201
KNYC,2026-05-31,KXHIGHNY-26MAY31-B78.5,buy,7,1429,-701
KNYC,2026-05-31,KXHIGHNY-26MAY31-B76.5,buy,24,969,-2402
KNYC,2026-05-31,KXHIGHNY-26MAY31-B74.5,sell,50,2614,-5002
KNYC,2026-05-31,KXHIGHNY-26MAY31-B72.5,sell,16,736,1599
KNYC,2026-06-01,KXHIGHNY-26JUN01-T77,buy,1,138,-101
KNYC,2026-06-01,KXHIGHNY-26JUN01-T70,buy,3,856,-301
KNYC,2026-06-01,KXHIGHNY-26JUN01-B76.5,buy,2,517,-201
KNYC,2026-06-01,KXHIGHNY-26JUN01-B74.5,buy,11,1029,-1101
KNYC,2026-06-01,KXHIGHNY-26JUN01-B72.5,sell,49,1527,4898
KNYC,2026-06-01,KXHIGHNY-26JUN01-B70.5,sell,40,1614,-6002
KNYC,2026-06-02,KXHIGHNY-26JUN02-T80,buy,1,52,-101
KNYC,2026-06-02,KXHIGHNY-26JUN02-T73,buy,1,102,-101
KNYC,2026-06-02,KXHIGHNY-26JUN02-B79.5,buy,2,706,-201
KNYC,2026-06-02,KXHIGHNY-26JUN02-B77.5,buy,26,984,-2602
KNYC,2026-06-02,KXHIGHNY-26JUN02-B75.5,sell,61,2116,-3902
KNYC,2026-06-02,KXHIGHNY-26JUN02-B73.5,buy,7,468,-701
KNYC,2026-06-03,KXHIGHNY-26JUN03-T83,buy,17,94,-1701
KNYC,2026-06-03,KXHIGHNY-26JUN03-T76,buy,1,44,-101
KNYC,2026-06-03,KXHIGHNY-26JUN03-B82.5,sell,58,2847,-4202
KNYC,2026-06-03,KXHIGHNY-26JUN03-B80.5,buy,24,730,-2402
KNYC,2026-06-03,KXHIGHNY-26JUN03-B78.5,buy,4,1129,-401
KNYC,2026-06-03,KXHIGHNY-26JUN03-B76.5,buy,1,346,-101
KNYC,2026-06-04,KXHIGHNY-26JUN04-T89,buy,4,9,-401
KNYC,2026-06-04,KXHIGHNY-26JUN04-B86.5,buy,45,33,5498
KNYC,2026-06-04,KXHIGHNY-26JUN04-B84.5,sell,35,1024,3498
KNYC,2026-06-04,KXHIGHNY-26JUN04-B82.5,buy,1,365,-101
KNYC,2026-06-05,KXHIGHNY-26JUN05-T92,buy,7,1747,-701
KNYC,2026-06-05,KXHIGHNY-26JUN05-B91.5,buy,38,733,-3802
KNYC,2026-06-05,KXHIGHNY-26JUN05-B89.5,sell,55,3024,5498
KNYC,2026-06-05,KXHIGHNY-26JUN05-B87.5,sell,5,33,-9501
KNYC,2026-06-06,KXHIGHNY-26JUN06-T94,buy,1,2987,-101
KNYC,2026-06-06,KXHIGHNY-26JUN06-B93.5,buy,5,2870,-501
KNYC,2026-06-06,KXHIGHNY-26JUN06-B91.5,sell,34,1014,3398
KNYC,2026-06-06,KXHIGHNY-26JUN06-B89.5,sell,53,4435,5298
KNYC,2026-06-06,KXHIGHNY-26JUN06-B87.5,sell,8,577,-9201
KNYC,2026-06-07,KXHIGHNY-26JUN07-T87,sell,85,1587,-1501
KNYC,2026-06-07,KXHIGHNY-26JUN07-B91.5,buy,1,79,-101
KNYC,2026-06-07,KXHIGHNY-26JUN07-B89.5,buy,1,617,-101
KNYC,2026-06-07,KXHIGHNY-26JUN07-B87.5,buy,8,1329,-801
KNYC,2026-06-08,KXHIGHNY-26JUN08-T79,buy,5,1294,-501
KNYC,2026-06-08,KXHIGHNY-26JUN08-T72,buy,1,44,-101
KNYC,2026-06-08,KXHIGHNY-26JUN08-B78.5,buy,18,1149,-1802
KNYC,2026-06-08,KXHIGHNY-26JUN08-B76.5,sell,48,1666,4798
KNYC,2026-06-08,KXHIGHNY-26JUN08-B74.5,sell,31,1568,-6902
KNYC,2026-06-08,KXHIGHNY-26JUN08-B72.5,buy,4,46,-401
KNYC,2026-06-09,KXHIGHNY-26JUN09-T85,buy,1,856,-101
KNYC,2026-06-09,KXHIGHNY-26JUN09-T78,sell,4,105,399
KNYC,2026-06-09,KXHIGHNY-26JUN09-B84.5,buy,2,1929,-201
KNYC,2026-06-09,KXHIGHNY-26JUN09-B82.5,buy,8,2570,-801
KNYC,2026-06-09,KXHIGHNY-26JUN09-B80.5,sell,36,1214,3598
KNYC,2026-06-09,KXHIGHNY-26JUN09-B78.5,sell,53,4435,-4702
KNYC,2026-06-10,KXHIGHNY-26JUN10-T82,sell,40,517,3998
KNYC,2026-06-10,KXHIGHNY-26JUN10-T75,buy,1,107,-101
KNYC,2026-06-10,KXHIGHNY-26JUN10-B81.5,sell,29,229,-7102
KNYC,2026-06-10,KXHIGHNY-26JUN10-B79.5,buy,19,238,-1902
KNYC,2026-06-10,KXHIGHNY-26JUN10-B77.5,sell,15,410,1499
KNYC,2026-06-10,KXHIGHNY-26JUN10-B75.5,buy,4,13,-401
KNYC,2026-06-11,KXHIGHNY-26JUN11-T95,sell,24,603,2398
KNYC,2026-06-11,KXHIGHNY-26JUN11-T88,buy,1,44,-101
KNYC,2026-06-11,KXHIGHNY-26JUN11-B94.5,sell,30,47,2998
KNYC,2026-06-11,KXHIGHNY-26JUN11-B92.5,sell,45,1366,4498
KNYC,2026-06-11,KXHIGHNY-26JUN11-B90.5,buy,5,1029,9499
KNYC,2026-06-11,KXHIGHNY-26JUN11-B88.5,buy,2,246,-201
KNYC,2026-06-12,KXHIGHNY-26JUN12-T97,buy,1,856,-101
KNYC,2026-06-12,KXHIGHNY-26JUN12-B96.5,buy,6,1529,-601
KNYC,2026-06-12,KXHIGHNY-26JUN12-B94.5,buy,29,469,-2902
KNYC,2026-06-12,KXHIGHNY-26JUN12-B92.5,sell,47,2314,4698
KNYC,2026-06-12,KXHIGHNY-26JUN12-B90.5,sell,21,1235,-7902
KNYC,2026-06-13,KXHIGHNY-26JUN13-T94,buy,1,138,-101
KNYC,2026-06-13,KXHIGHNY-26JUN13-T87,sell,29,1741,-7102
KNYC,2026-06-13,KXHIGHNY-26JUN13-B93.5,buy,2,517,-201
KNYC,2026-06-13,KXHIGHNY-26JUN13-B91.5,buy,3,1829,-301
KNYC,2026-06-13,KXHIGHNY-26JUN13-B89.5,buy,9,2470,-901
KNYC,2026-06-13,KXHIGHNY-26JUN13-B87.5,sell,56,3214,5598
KNYC,2026-06-14,KXHIGHNY-26JUN14-T92,buy,2,283,-201
KNYC,2026-06-14,KXHIGHNY-26JUN14-T85,sell,6,7,599
KNYC,2026-06-14,KXHIGHNY-26JUN14-B91.5,buy,2,1110,-201
KNYC,2026-06-14,KXHIGHNY-26JUN14-B89.5,buy,15,1450,-1501
KNYC,2026-06-14,KXHIGHNY-26JUN14-B87.5,sell,48,1666,-5202
KNYC,2026-06-14,KXHIGHNY-26JUN14-B85.5,sell,30,1468,2998
KNYC,2026-06-15,KXHIGHNY-26JUN15-T85,buy,1,17,-101
KNYC,2026-06-15,KXHIGHNY-26JUN15-T78,sell,35,1376,-6502
KNYC,2026-06-15,KXHIGHNY-26JUN15-B84.5,buy,2,165,-201
KNYC,2026-06-15,KXHIGHNY-26JUN15-B82.5,buy,2,1110,-201
KNYC,2026-06-15,KXHIGHNY-26JUN15-B80.5,buy,9,2050,-901
KNYC,2026-06-15,KXHIGHNY-26JUN15-B78.5,sell,50,1866,4998
KNYC,2026-06-16,KXHIGHNY-26JUN16-T82,buy,1,383,-101
KNYC,2026-06-16,KXHIGHNY-26JUN16-T75,buy,5,91,-501
KNYC,2026-06-16,KXHIGHNY-26JUN16-B81.5,buy,2,1110,-201
KNYC,2026-06-16,KXHIGHNY-26JUN16-B79.5,buy,14,1550,-1401
KNYC,2026-06-16,KXHIGHNY-26JUN16-B77.5,sell,51,1966,5098
KNYC,2026-06-16,KXHIGHNY-26JUN16-B75.5,sell,34,1868,-6602
KNYC,2026-06-17,KXHIGHNY-26JUN17-T81,buy,2,283,-201
KNYC,2026-06-17,KXHIGHNY-26JUN17-T74,buy,2,391,-201
KNYC,2026-06-17,KXHIGHNY-26JUN17-B80.5,buy,2,1110,-201
KNYC,2026-06-17,KXHIGHNY-26JUN17-B78.5,buy,22,749,7798
KNYC,2026-06-17,KXHIGHNY-26JUN17-B76.5,sell,46,1466,4598
KNYC,2026-06-17,KXHIGHNY-26JUN17-B74.5,sell,31,1568,3098
KNYC,2026-06-18,KXHIGHNY-26JUN18-T90,buy,8,1548,-801
KNYC,2026-06-18,KXHIGHNY-26JUN18-T83,buy,1,260,-101
KNYC,2026-06-18,KXHIGHNY-26JUN18-B89.5,buy,21,351,-2102
KNYC,2026-06-18,KXHIGHNY-26JUN18-B87.5,sell,39,1351,3898
KNYC,2026-06-18,KXHIGHNY-26JUN18-B85.5,sell,28,1196,-7202
KNYC,2026-06-19,KXHIGHNY-26JUN19-T88,buy,1,17,-101
KNYC,2026-06-19,KXHIGHNY-26JUN19-T81,buy,17,421,-1701
KNYC,2026-06-19,KXHIGHNY-26JUN19-B87.5,buy,3,65,-301
KNYC,2026-06-19,KXHIGHNY-26JUN19-B85.5,buy,12,110,-1201
KNYC,2026-06-19,KXHIGHNY-26JUN19-B83.5,sell,44,1447,4398
KNYC,2026-06-19,KXHIGHNY-26JUN19-B81.5,sell,33,166,-6702
KNYC,2026-06-20,KXHIGHNY-26JUN20-T82,sell,58,2781,-4202
KNYC,2026-06-20,KXHIGHNY-26JUN20-B86.5,buy,1,250,-101
KNYC,2026-06-20,KXHIGHNY-26JUN20-B84.5,buy,3,1738,-301
KNYC,2026-06-20,KXHIGHNY-26JUN20-B82.5,buy,40,533,-4002
KNYC,2026-06-21,KXHIGHNY-26JUN21-T80,sell,14,856,1399
KNYC,2026-06-21,KXHIGHNY-26JUN21-B86.5,buy,1,250,-101
KNYC,2026-06-21,KXHIGHNY-26JUN21-B84.5,buy,3,1738,-301
KNYC,2026-06-21,KXHIGHNY-26JUN21-B82.5,buy,34,1133,6598
KNYC,2026-06-21,KXHIGHNY-26JUN21-B80.5,sell,48,2324,4798
KNYC,2026-06-22,KXHIGHNY-26JUN22-T79,buy,5,1294,-501
KNYC,2026-06-22,KXHIGHNY-26JUN22-B78.5,buy,15,1450,-1501
KNYC,2026-06-22,KXHIGHNY-26JUN22-B76.5,buy,30,130,-3002
KNYC,2026-06-22,KXHIGHNY-26JUN22-B74.5,sell,48,3268,4798
KNYC,2026-06-22,KXHIGHNY-26JUN22-B72.5,sell,10,552,-9001
KNYC,2026-06-23,KXHIGHNY-26JUN23-T78,sell,94,2880,-601
KNYC,2026-06-23,KXHIGHNY-26JUN23-B84.5,buy,1,16,-101
KNYC,2026-06-23,KXHIGHNY-26JUN23-B82.5,buy,1,253,-101
KNYC,2026-06-23,KXHIGHNY-26JUN23-B80.5,buy,2,759,-201
KNYC,2026-06-23,KXHIGHNY-26JUN23-B78.5,buy,5,1488,-501
KNYC,2026-06-24,KXHIGHNY-26JUN24-T82,sell,41,557,4098
KNYC,2026-06-24,KXHIGHNY-26JUN24-B88.5,buy,1,79,-101
KNYC,2026-06-24,KXHIGHNY-26JUN24-B86.5,buy,1,617,-101
KNYC,2026-06-24,KXHIGHNY-26JUN24-B84.5,buy,5,1629,-501
KNYC,2026-06-24,KXHIGHNY-26JUN24-B82.5,sell,57,2327,-4302
KNYC,2026-06-25,KXHIGHNY-26JUN25-T86,buy,1,383,-101
KNYC,2026-06-25,KXHIGHNY-26JUN25-T79,buy,2,391,-201
KNYC,2026-06-25,KXHIGHNY-26JUN25-B85.5,buy,3,1010,-301
KNYC,2026-06-25,KXHIGHNY-26JUN25-B83.5,buy,28,149,7198
KNYC,2026-06-25,KXHIGHNY-26JUN25-B81.5,sell,57,2566,5698
KNYC,2026-06-25,KXHIGHNY-26JUN25-B79.5,sell,16,69,1599
KNYC,2026-06-26,KXHIGHNY-26JUN26-T88,buy,1,1390,-101
KNYC,2026-06-26,KXHIGHNY-26JUN26-T81,buy,3,320,9699
KNYC,2026-06-26,KXHIGHNY-26JUN26-B87.5,buy,5,1488,-501
KNYC,2026-06-26,KXHIGHNY-26JUN26-B85.5,sell,36,929,3598
KNYC,2026-06-26,KXHIGHNY-26JUN26-B83.5,sell,36,1458,3598
KNYC,2026-06-26,KXHIGHNY-26JUN26-B81.5,sell,23,1209,2298
KNYC,2026-06-27,KXHIGHNY-26JUN27-T83,buy,1,748,-101
KNYC,2026-06-27,KXHIGHNY-26JUN27-T76,buy,1,3203,-101
KNYC,2026-06-27,KXHIGHNY-26JUN27-B82.5,buy,2,643,-201
KNYC,2026-06-27,KXHIGHNY-26JUN27-B80.5,sell,16,228,1599
KNYC,2026-06-27,KXHIGHNY-26JUN27-B78.5,sell,41,2299,-5902
KNYC,2026-06-27,KXHIGHNY-26JUN27-B76.5,sell,40,2165,3998
KNYC,2026-06-28,KXHIGHNY-26JUN28-T84,buy,3,1190,-301
KNYC,2026-06-28,KXHIGHNY-26JUN28-T77,buy,2,420,-201
KNYC,2026-06-28,KXHIGHNY-26JUN28-B83.5,buy,12,788,-1201
KNYC,2026-06-28,KXHIGHNY-26JUN28-B81.5,sell,49,2229,-5102
KNYC,2026-06-28,KXHIGHNY-26JUN28-B79.5,sell,34,1258,3398
KNYC,2026-06-28,KXHIGHNY-26JUN28-B77.5,buy,5,588,-501
KNYC,2026-06-29,KXHIGHNY-26JUN29-T86,sell,24,603,-7602
KNYC,2026-06-29,KXHIGHNY-26JUN29-T79,buy,1,44,-101
KNYC,2026-06-29,KXHIGHNY-26JUN29-B85.5,sell,56,2647,5598
KNYC,2026-06-29,KXHIGHNY-26JUN29-B83.5,buy,18,1330,-1802
KNYC,2026-06-29,KXHIGHNY-26JUN29-B81.5,buy,2,1329,-201
KNYC,2026-06-29,KXHIGHNY-26JUN29-B79.5,buy,3,146,-301
KNYC,2026-06-30,KXHIGHNY-26JUN30-T90,buy,12,1887,-1201
KNYC,2026-06-30,KXHIGHNY-26JUN30-B89.5,sell,47,1327,4698
KNYC,2026-06-30,KXHIGHNY-26JUN30-B87.5,sell,38,1414,-6202
KNYC,2026-06-30,KXHIGHNY-26JUN30-B85.5,buy,5,362,-501
KNYC,2026-06-30,KXHIGHNY-26JUN30-B83.5,buy,1,121,-101
KNYC,2026-07-01,KXHIGHNY-26JUL01-T99,buy,1,383,-101
KNYC,2026-07-01,KXHIGHNY-26JUL01-T92,sell,6,7,599
KNYC,2026-07-01,KXHIGHNY-26JUL01-B98.5,buy,3,1010,-301
KNYC,2026-07-01,KXHIGHNY-26JUL01-B96.5,buy,18,1149,-1802
KNYC,2026-07-01,KXHIGHNY-26JUL01-B94.5,sell,42,1066,4198
KNYC,2026-07-01,KXHIGHNY-26JUL01-B92.5,sell,35,1968,-6502
KNYC,2026-07-02,KXHIGHNY-26JUL02-T99,sell,44,3806,4398
KNYC,2026-07-02,KXHIGHNY-26JUL02-T106,buy,1,383,-101
KNYC,2026-07-02,KXHIGHNY-26JUL02-B99.5,sell,34,1868,-6602
KNYC,2026-07-02,KXHIGHNY-26JUL02-B105.5,buy,2,1110,-201
KNYC,2026-07-02,KXHIGHNY-26JUL02-B103.5,buy,3,2650,-301
KNYC,2026-07-02,KXHIGHNY-26JUL02-B101.5,buy,16,1531,-1601
KNYC,2026-07-03,KXHIGHNY-26JUL03-T98,buy,4,191,-401
KNYC,2026-07-03,KXHIGHNY-26JUL03-T105,buy,1,383,-101
KNYC,2026-07-03,KXHIGHNY-26JUL03-B98.5,sell,33,1768,-6702
KNYC,2026-07-03,KXHIGHNY-26JUL03-B104.5,buy,3,1010,-301
KNYC,2026-07-03,KXHIGHNY-26JUL03-B102.5,buy,13,1650,-1301
KNYC,2026-07-03,KXHIGHNY-26JUL03-B100.5,sell,53,2166,5298
KNYC,2026-07-04,KXHIGHNY-26JUL04-T98,sell,90,2087,-1001
KNYC,2026-07-04,KXHIGHNY-26JUL04-B98.5,buy,10,1129,-1001
KNYC,2026-07-04,KXHIGHNY-26JUL04-B102.5,buy,1,79,-101
KNYC,2026-07-04,KXHIGHNY-26JUL04-B100.5,buy,3,417,-301
KNYC,2026-07-05,KXHIGHNY-26JUL05-T91,buy,1,129,-101
KNYC,2026-07-05,KXHIGHNY-26JUL05-T84,sell,69,1736,-3102
KNYC,2026-07-05,KXHIGHNY-26JUL05-B90.5,buy,2,133,-201
KNYC,2026-07-05,KXHIGHNY-26JUL05-B88.5,buy,2,555,-201
KNYC,2026-07-05,KXHIGHNY-26JUL05-B86.5,buy,4,1036,-401
KNYC,2026-07-05,KXHIGHNY-26JUL05-B84.5,sell,28,718,2798
KNYC,2026-07-06,KXHIGHNY-26JUL06-T75,sell,88,2280,-1201
KNYC,2026-07-06,KXHIGHNY-26JUL06-B81.5,buy,1,16,-101
KNYC,2026-07-06,KXHIGHNY-26JUL06-B79.5,buy,1,253,-101
KNYC,2026-07-06,KXHIGHNY-26JUL06-B77.5,buy,2,759,-201
KNYC,2026-07-06,KXHIGHNY-26JUL06-B75.5,buy,13,688,-1301
KNYC,2026-07-07,KXHIGHNY-26JUL07-T82,buy,1,1,-101
KNYC,2026-07-07,KXHIGHNY-26JUL07-T75,sell,92,4001,-801
KNYC,2026-07-07,KXHIGHNY-26JUL07-B81.5,buy,1,104,-101
KNYC,2026-07-07,KXHIGHNY-26JUL07-B79.5,buy,1,496,-101
KNYC,2026-07-07,KXHIGHNY-26JUL07-B77.5,buy,1,1344,-101
KNYC,2026-07-07,KXHIGHNY-26JUL07-B75.5,buy,9,1552,-901
KNYC,2026-07-08,KXHIGHNY-26JUL08-T83,buy,7,4101,9299
KNYC,2026-07-08,KXHIGHNY-26JUL08-T76,buy,1,19,-101
KNYC,2026-07-08,KXHIGHNY-26JUL08-B82.5,sell,40,1451,3998
KNYC,2026-07-08,KXHIGHNY-26JUL08-B80.5,sell,31,1496,3098
KNYC,2026-07-08,KXHIGHNY-26JUL08-B78.5,sell,12,510,1199
KNYC,2026-07-08,KXHIGHNY-26JUL08-B76.5,buy,2,40,-201
KNYC,2026-07-09,KXHIGHNY-26JUL09-T90,buy,1,206,-101
KNYC,2026-07-09,KXHIGHNY-26JUL09-T83,sell,29,247,-7102
KNYC,2026-07-09,KXHIGHNY-26JUL09-B89.5,buy,3,296,-301
KNYC,2026-07-09,KXHIGHNY-26JUL09-B87.5,buy,3,1144,-301
KNYC,2026-07-09,KXHIGHNY-26JUL09-B85.5,buy,21,351,-2102
KNYC,2026-07-09,KXHIGHNY-26JUL09-B83.5,sell,50,2451,4998
KNYC,2026-07-10,KXHIGHNY-26JUL10-T87,sell,53,1757,-4702
KNYC,2026-07-10,KXHIGHNY-26JUL10-B93.5,buy,1,79,-101
KNYC,2026-07-10,KXHIGHNY-26JUL10-B91.5,buy,1,617,-101
KNYC,2026-07-10,KXHIGHNY-26JUL10-B89.5,buy,20,128,-2002
KNYC,2026-07-10,KXHIGHNY-26JUL10-B87.5,buy,31,269,-3102
KNYC,2026-07-11,KXHIGHNY-26JUL11-T88,buy,1,76,-101
KNYC,2026-07-11,KXHIGHNY-26JUL11-T81,buy,31,748,-3102
KNYC,2026-07-11,KXHIGHNY-26JUL11-B87.5,buy,1,253,-101
KNYC,2026-07-11,KXHIGHNY-26JUL11-B85.5,buy,3,659,-301
KNYC,2026-07-11,KXHIGHNY-26JUL11-B83.5,sell,22,209,2198
KNYC,2026-07-11,KXHIGHNY-26JUL11-B81.5,sell,46,1929,-5402
KNYC,2026-07-12,KXHIGHNY-26JUL12-T89,buy,1,17,-101
KNYC,2026-07-12,KXHIGHNY-26JUL12-T82,buy,17,421,-1701
KNYC,2026-07-12,KXHIGHNY-26JUL12-B88.5,buy,2,165,-201
KNYC,2026-07-12,KXHIGHNY-26JUL12-B86.5,buy,5,810,-501
KNYC,2026-07-12,KXHIGHNY-26JUL12-B84.5,sell,32,247,-6802
KNYC,2026-07-12,KXHIGHNY-26JUL12-B82.5,sell,47,1566,4698
KNYC,2026-07-13,KXHIGHNY-26JUL13-T89,buy,1,383,-101
KNYC,2026-07-13,KXHIGHNY-26JUL13-T82,buy,2,391,-201
KNYC,2026-07-13,KXHIGHNY-26JUL13-B88.5,buy,3,1010,-301
KNYC,2026-07-13,KXHIGHNY-26JUL13-B86.5,buy,28,149,-2802
KNYC,2026-07-13,KXHIGHNY-26JUL13-B84.5,sell,55,2366,-4502
KNYC,2026-07-13,KXHIGHNY-26JUL13-B82.5,sell,17,169,1699
KNYC,2026-07-14,KXHIGHNY-26JUL14-T97,buy,2,1594,-201
KNYC,2026-07-14,KXHIGHNY-26JUL14-B96.5,buy,13,1650,-1301
KNYC,2026-07-14,KXHIGHNY-26JUL14-B94.5,sell,47,1566,4698
KNYC,2026-07-14,KXHIGHNY-26JUL14-B92.5,sell,36,2068,3598
KNYC,2026-07-14,KXHIGHNY-26JUL14-B90.5,buy,4,46,9599
KNYC,2026-07-15,KXHIGHNY-26JUL15-T97,sell,50,3841,-5002
KNYC,2026-07-15,KXHIGHNY-26JUL15-T104,buy,1,138,-101
KNYC,2026-07-15,KXHIGHNY-26JUL15-B99.5,buy,13,2070,-1301
KNYC,2026-07-15,KXHIGHNY-26JUL15-B97.5,sell,40,1614,3998
KNYC,2026-07-15,KXHIGHNY-26JUL15-B103.5,buy,1,617,-101
KNYC,2026-07-15,KXHIGHNY-26JUL15-B101.5,buy,2,1929,-201
KNYC,2026-07-16,KXHIGHNY-26JUL16-T96,buy,1,856,-101
KNYC,2026-07-16,KXHIGHNY-26JUL16-T89,sell,24,2104,-7602
KNYC,2026-07-16,KXHIGHNY-26JUL16-B95.5,buy,4,1729,-401
KNYC,2026-07-16,KXHIGHNY-26JUL16-B93.5,buy,11,2270,-1101
KNYC,2026-07-16,KXHIGHNY-26JUL16-B91.5,sell,31,714,3098
KNYC,2026-07-16,KXHIGHNY-26JUL16-B89.5,sell,34,2535,3398
KNYC,2026-07-17,KXHIGHNY-26JUL17-T90,buy,3,1494,-301
KNYC,2026-07-17,KXHIGHNY-26JUL17-T83,sell,3,154,299
KNYC,2026-07-17,KXHIGHNY-26JUL17-B89.5,buy,9,2050,-901
KNYC,2026-07-17,KXHIGHNY-26JUL17-B87.5,buy,30,130,-3002
KNYC,2026-07-17,KXHIGHNY-26JUL17-B85.5,sell,37,2168,-6302
KNYC,2026-07-17,KXHIGHNY-26JUL17-B83.5,sell,21,1651,2098
KNYC,2026-07-18,KXHIGHNY-26JUL18-T86,buy,1,430,-101
KNYC,2026-07-18,KXHIGHNY-26JUL18-T79,sell,23,587,-7702
KNYC,2026-07-18,KXHIGHNY-26JUL18-B85.5,buy,2,759,-201
KNYC,2026-07-18,KXHIGHNY-26JUL18-B83.5,buy,5,1488,-501
KNYC,2026-07-18,KXHIGHNY-26JUL18-B81.5,sell,32,529,3198
KNYC,2026-07-18,KXHIGHNY-26JUL18-B79.5,sell,44,2258,4398
KNYC,2026-07-19,KXHIGHNY-26JUL19-T87,buy,1,206,-101
KNYC,2026-07-19,KXHIGHNY-26JUL19-T80,sell,31,447,-6902
KNYC,2026-07-19,KXHIGHNY-26JUL19-B86.5,buy,2,396,-201
KNYC,2026-07-19,KXHIGHNY-26JUL19-B84.5,buy,4,1044,-401
KNYC,2026-07-19,KXHIGHNY-26JUL19-B82.5,sell,26,145,2598
KNYC,2026-07-19,KXHIGHNY-26JUL19-B80.5,sell,39,1351,3898
KNYC,2026-07-20,KXHIGHNY-26JUL20-T84,buy,1,803,-101
KNYC,2026-07-20,KXHIGHNY-26JUL20-T77,buy,3,748,-301
KNYC,2026-07-20,KXHIGHNY-26JUL20-B83.5,buy,9,544,-901
KNYC,2026-07-20,KXHIGHNY-26JUL20-B81.5,sell,44,1945,-5602
KNYC,2026-07-20,KXHIGHNY-26JUL20-B79.5,sell,40,1451,3998
KNYC,2026-07-20,KXHIGHNY-26JUL20-B77.5,buy,8,801,-801
KNYC,2026-07-21,KXHIGHNY-26JUL21-T86,buy,1,17,-101
KNYC,2026-07-21,KXHIGHNY-26JUL21-T79,sell,56,3476,5598
KNYC,2026-07-21,KXHIGHNY-26JUL21-B85.5,buy,1,265,-101
KNYC,2026-07-21,KXHIGHNY-26JUL21-B83.5,buy,3,1010,-301
KNYC,2026-07-21,KXHIGHNY-26JUL21-B81.5,buy,12,1750,8799
KNYC,2026-07-22,KXHIGHNY-26JUL22-T84,buy,32,2052,-3202
KNYC,2026-07-22,KXHIGHNY-26JUL22-B90.5,sell,1,11,99
KNYC,2026-07-22,KXHIGHNY-26JUL22-B88.5,buy,3,65,-301
KNYC,2026-07-22,KXHIGHNY-26JUL22-B86.5,sell,23,987,2298
KNYC,2026-07-22,KXHIGHNY-26JUL22-B84.5,sell,44,1447,-5602
KNYC,2026-07-23,KXHIGHNY-26JUL23-T86,buy,1,17,-101
KNYC,2026-07-23,KXHIGHNY-26JUL23-T79,buy,9,1221,-901
KNYC,2026-07-23,KXHIGHNY-26JUL23-B85.5,buy,2,165,-201
KNYC,2026-07-23,KXHIGHNY-26JUL23-B83.5,buy,7,610,-701
KNYC,2026-07-23,KXHIGHNY-26JUL23-B81.5,sell,40,1047,3998
KNYC,2026-07-23,KXHIGHNY-26JUL23-B79.5,sell,47,1566,-5302
KNYC,2026-07-24,KXHIGHNY-26JUL24-T88,buy,1,17,-101
KNYC,2026-07-24,KXHIGHNY-26JUL24-T81,buy,12,921,-1201
KNYC,2026-07-24,KXHIGHNY-26JUL24-B87.5,buy,1,265,-101
KNYC,2026-07-24,KXHIGHNY-26JUL24-B85.5,buy,5,810,-501
KNYC,2026-07-24,KXHIGHNY-26JUL24-B83.5,sell,32,247,-6802
KNYC,2026-07-24,KXHIGHNY-26JUL24-B81.5,sell,55,2366,5498
KNYC,2026-07-25,KXHIGHNY-26JUL25-T80,buy,12,171,-1201
KNYC,2026-07-25,KXHIGHNY-26JUL25-B84.5,buy,4,506,-401
KNYC,2026-07-25,KXHIGHNY-26JUL25-B82.5,sell,38,212,3798
KNYC,2026-07-25,KXHIGHNY-26JUL25-B80.5,sell,47,716,-5302
KNYC,2026-07-26,KXHIGHNY-26JUL26-T88,buy,1,138,-101
KNYC,2026-07-26,KXHIGHNY-26JUL26-T81,buy,4,756,-401
KNYC,2026-07-26,KXHIGHNY-26JUL26-B87.5,buy,2,517,-201
KNYC,2026-07-26,KXHIGHNY-26JUL26-B85.5,buy,3,1829,9699
KNYC,2026-07-26,KXHIGHNY-26JUL26-B83.5,sell,44,1027,4398
KNYC,2026-07-26,KXHIGHNY-26JUL26-B81.5,sell,53,2914,5298
KNYC,2026-07-27,KXHIGHNY-26JUL27-T88,buy,1,17,-101
KNYC,2026-07-27,KXHIGHNY-26JUL27-T81,buy,15,621,-1501
KNYC,2026-07-27,KXHIGHNY-26JUL27-B87.5,buy,2,165,-201
KNYC,2026-07-27,KXHIGHNY-26JUL27-B85.5,buy,3,1010,-301
KNYC,2026-07-27,KXHIGHNY-26JUL27-B83.5,sell,36,647,-6402
KNYC,2026-07-27,KXHIGHNY-26JUL27-B81.5,sell,45,1366,4498
KNYC,2026-07-28,KXHIGHNY-26JUL28-T77,buy,8,1321,-801
KNYC,2026-07-28,KXHIGHNY-26JUL28-B83.5,buy,3,65,-301
KNYC,2026-07-28,KXHIGHNY-26JUL28-B81.5,sell,18,487,1798
KNYC,2026-07-28,KXHIGHNY-26JUL28-B79.5,sell,43,1347,-5702
KNYC,2026-07-29,KXHIGHNY-26JUL29-T83,buy,3,263,-301
KNYC,2026-07-29,KXHIGHNY-26JUL29-T76,buy,3,2726,-301
KNYC,2026-07-29,KXHIGHNY-26JUL29-B82.5,sell,18,1042,1798
KNYC,2026-07-29,KXHIGHNY-26JUL29-B80.5,sell,40,2561,-6002
KNYC,2026-07-29,KXHIGHNY-26JUL29-B78.5,sell,33,1218,3298
KNYC,2026-07-29,KXHIGHNY-26JUL29-B76.5,buy,10,1134,-1001
KNYC,2026-07-30,KXHIGHNY-26JUL30-T84,buy,1,206,-101
KNYC,2026-07-30,KXHIGHNY-26JUL30-T77,buy,26,49,7398
KNYC,2026-07-30,KXHIGHNY-26JUL30-B83.5,buy,2,396,-201
KNYC,2026-07-30,KXHIGHNY-26JUL30-B81.5,buy,4,1044,-401
KNYC,2026-07-30,KXHIGHNY-26JUL30-B79.5,buy,23,151,-2302
KNYC,2026-07-30,KXHIGHNY-26JUL30-B77.5,sell,52,2651,5198
KNYC,2026-07-31,KXHIGHNY-26JUL31-T89,buy,1,206,-101
KNYC,2026-07-31,KXHIGHNY-26JUL31-T82,buy,4,2250,-401
KNYC,2026-07-31,KXHIGHNY-26JUL31-B88.5,buy,2,396,-201
KNYC,2026-07-31,KXHIGHNY-26JUL31-B84.5,sell,53,2845,-4702
KNYC,2026-07-31,KXHIGHNY-26JUL31-B82.5,sell,29,351,2898
KNYC,2026-08-01,KXHIGHNY-26AUG01-T89,buy,1,430,-101
KNYC,2026-08-01,KXHIGHNY-26AUG01-T82,buy,4,1310,-401
KNYC,2026-08-01,KXHIGHNY-26AUG01-B88.5,buy,8,159,-801
KNYC,2026-08-01,KXHIGHNY-26AUG01-B86.5,sell,27,709,-7302
KNYC,2026-08-01,KXHIGHNY-26AUG01-B84.5,sell,49,2229,4898
KNYC,2026-08-01,KXHIGHNY-26AUG01-B82.5,buy,14,739,-1401
KNYC,2026-08-02,KXHIGHNY-26AUG02-T87,buy,1,17,-101
KNYC,2026-08-02,KXHIGHNY-26AUG02-T80,buy,9,1221,-901
KNYC,2026-08-02,KXHIGHNY-26AUG02-B86.5,buy,2,165,-201
KNYC,2026-08-02,KXHIGHNY-26AUG02-B84.5,buy,10,310,-1001
KNYC,2026-08-02,KXHIGHNY-26AUG02-B82.5,sell,47,1747,-5302
KNYC,2026-08-02,KXHIGHNY-26AUG02-B80.5,sell,37,566,3698
KNYC,2026-08-03,KXHIGHNY-26AUG03-T87,buy,1,76,-101
KNYC,2026-08-03,KXHIGHNY-26AUG03-T80,buy,23,1548,-2302
KNYC,2026-08-03,KXHIGHNY-26AUG03-B86.5,buy,1,253,-101
KNYC,2026-08-03,KXHIGHNY-26AUG03-B84.5,buy,3,659,-301
KNYC,2026-08-03,KXHIGHNY-26AUG03-B82.5,sell,23,309,2298
KNYC,2026-08-03,KXHIGHNY-26AUG03-B80.5,sell,44,1729,-5602
KNYC,2026-08-04,KXHIGHNY-26AUG04-T88,buy,2,38,-201
KNYC,2026-08-04,KXHIGHNY-26AUG04-T81,buy,7,456,-701
KNYC,2026-08-04,KXHIGHNY-26AUG04-B87.5,buy,2,517,-201
KNYC,2026-08-04,KXHIGHNY-26AUG04-B85.5,buy,10,1129,-1001
KNYC,2026-08-04,KXHIGHNY-26AUG04-B83.5,sell,44,1027,-5602
KNYC,2026-08-04,KXHIGHNY-26AUG04-B81.5,sell,31,714,3098
