station,date,overround,spread,ours_ll,mkt_ll,ours_brier,mkt_brier,ours_modal,mkt_modal,ours_p_true,mkt_p_true
KAUS,2026-05-24,1.0299999999999998,0.013333333333333336,1.5024355101597389,0.2844510518703343,0.7719875206089429,0.0827127910264869,0.26922619254307484,0.7524271844660195,0.2225873856111925,0.7524271844660195
KAUS,2026-05-25,1.01,0.01,1.0652051605325774,0.7335567188978219,0.5669499830427538,0.37579649054014314,0.34465713747138893,0.4801980198019802,0.34465713747138893,0.4801980198019802
KAUS,2026-05-26,0.985,0.021666666666666667,0.7831138396804631,1.3711807233098425,0.46001704803987997,0.8322811718931176,0.45698082852435323,0.49238578680203043,0.45698082852435323,0.25380710659898476
KAUS,2026-05-27,1.135,0.02833333333333334,1.261226128006936,3.0270547446830323,0.6184793056926745,1.1397077373905955,0.2833064434877778,0.3303964757709251,0.2833064434877778,0.048458149779735685
KAUS,2026-05-28,1.01,0.016666666666666673,1.8303221031687202,0.8084580270709397,0.8588593836656818,0.43093814331928254,0.2515219536474098,0.44554455445544555,0.16036190637728331,0.44554455445544555
KAUS,2026-05-29,1.015,0.018333333333333337,1.6958323044536483,1.050526102000472,0.8024034834482922,0.6595646582057317,0.18767502516162377,0.47290640394088673,0.18344648214648418,0.3497536945812808
KAUS,2026-05-30,1.0050000000000001,0.015000000000000005,1.3802250024073954,1.4531573063490173,0.6765392891254287,0.8595826835969408,0.2515219536474098,0.41293532338308453,0.2515219536474098,0.23383084577114424
KAUS,2026-05-31,1.05,0.010000000000000004,1.9557290943873906,1.8505999692509885,0.8863738468494512,1.0120181405895692,0.18767502516162377,0.4619047619047619,0.14146130044590471,0.15714285714285714
KAUS,2026-06-01,1.0350000000000001,0.014999999999999994,1.6958323044536483,0.8001193001121134,0.8405582696443871,0.4332423160400477,0.3291363256075285,0.44927536231884047,0.18344648214648418,0.44927536231884047
KAUS,2026-06-02,1.06,0.013333333333333327,1.7123957641799241,1.9892904446855384,0.8223205230265516,1.1128070487718047,0.22738548009873616,0.5424528301886792,0.18043299947196167,0.13679245283018868
KAUS,2026-06-03,1.065,0.024999999999999994,1.5198399938496407,1.1417844605333185,0.7366387819561794,0.6042451894465385,0.2187468849991605,0.3192488262910798,0.2187468849991605,0.3192488262910798
KAUS,2026-06-04,0.9749999999999999,0.02166666666666667,1.0652051605325774,0.8070914399091629,0.5669499830427538,0.4025246548323471,0.34465713747138893,0.44615384615384623,0.34465713747138893,0.44615384615384623
KAUS,2026-06-05,1.09,0.03666666666666666,1.5686985878625808,1.2573606777439976,0.8424591522239906,0.738784614089723,0.3829481466667764,0.4311926605504587,0.20831611113923554,0.2844036697247706
KAUS,2026-06-06,1.005,0.018333333333333323,2.4693615618576605,4.204692619390966,1.0288816304088917,1.3282344496423357,0.26922619254307484,0.4577114427860697,0.08463887844401707,0.01492537313432836
KAUS,2026-06-07,1.06,0.023333333333333334,1.6081441708029829,0.9139350181816961,0.8036689793691223,0.48037557849768603,0.2860078185005824,0.40094339622641506,0.2002589157751684,0.40094339622641506
KAUS,2026-06-08,1.11,0.020000000000000004,1.4349568459745825,1.6891053151679716,0.7828400947567041,0.9151854557259962,0.3829481466667764,0.35585585585585583,0.23812563987287877,0.18468468468468469
KAUS,2026-06-09,1.0350000000000001,0.02166666666666667,1.1391077028674172,0.8553819787871627,0.6280995665054119,0.4790776914280381,0.34465713747138893,0.42512077294685985,0.320104522769314,0.42512077294685985
KAUS,2026-06-10,1.0250000000000001,0.015000000000000005,1.0652051605325774,1.1641268957787365,0.578994337101262,0.7654015466983938,0.34465713747138893,0.5317073170731706,0.34465713747138893,0.31219512195121946
KAUS,2026-06-11,0.9700000000000001,0.02666666666666666,1.0652051605325774,0.9503700455270178,0.578994337101262,0.5717398235731747,0.34465713747138893,0.42783505154639173,0.34465713747138893,0.38659793814432986
KAUS,2026-06-12,1.0550000000000002,0.01833333333333333,1.5686985878625808,1.0343700199397563,0.8865847985451896,0.6414501021989623,0.3829481466667764,0.45497630331753547,0.20831611113923554,0.3554502369668246
KAUS,2026-06-13,1.0350000000000001,0.02166666666666667,1.1391077028674172,0.8440824235332293,0.6280995665054119,0.4479451095708185,0.34465713747138893,0.429951690821256,0.320104522769314,0.429951690821256
KAUS,2026-06-14,0.98,0.033333333333333326,1.3548901952467867,0.7242377676299764,0.708535194097356,0.3540191586838818,0.26922619254307484,0.4846938775510204,0.257975619845938,0.4846938775510204
KAUS,2026-06-15,1.0550000000000002,0.011666666666666672,1.251736131121321,1.4006144148946393,0.6994111239590687,0.8364142764088855,0.3747757640487199,0.47867298578199047,0.2860078185005824,0.24644549763033172
KAUS,2026-06-16,1.085,0.011666666666666664,2.934393028238727,2.4895255956442948,1.1181604779057843,1.0784259593535646,0.26922619254307484,0.31797235023041476,0.053162977941723866,0.08294930875576037
KAUS,2026-06-17,0.995,0.021666666666666667,1.4349568459745825,2.520716102484711,0.7828400947567041,1.1297694502664073,0.3829481466667764,0.4271356783919598,0.23812563987287877,0.08040201005025126
KAUS,2026-06-18,0.9900000000000001,0.01,0.9332768914747751,0.7774075241776853,0.5874528716243327,0.4058259361289664,0.45698082852435323,0.45959595959595956,0.3932629167321269,0.45959595959595956
KAUS,2026-06-19,0.9750000000000001,0.021666666666666667,1.7034654468882773,0.9555114450274365,0.9042055326653109,0.5773044049967128,0.34465713747138893,0.41538461538461535,0.18205153968936452,0.3846153846153846
KAUS,2026-06-20,1.0350000000000001,0.018333333333333337,1.5198399938496407,1.0019854529790382,0.772021918288574,0.5472239725547854,0.29652964748211974,0.36714975845410625,0.2187468849991605,0.36714975845410625
KAUS,2026-06-21,1.03,0.013333333333333336,1.1391077028674172,1.1534888988939438,0.7535360494246299,0.8079932133094541,0.5267086771607534,0.5776699029126213,0.320104522769314,0.3155339805825243
KAUS,2026-06-22,1.01,0.013333333333333336,1.0652051605325774,1.1338804275055676,0.578994337101262,0.7628663856484658,0.34465713747138893,0.5445544554455446,0.34465713747138893,0.3217821782178218
KAUS,2026-06-23,0.9999999999999999,0.02,1.4349568459745825,1.0498221244986776,0.7828400947567041,0.6597,0.3829481466667764,0.47500000000000003,0.23812563987287877,0.35000000000000003
KAUS,2026-06-24,1.035,0.014999999999999986,1.4349568459745825,1.0986122886681098,0.7828400947567041,0.6828630773180239,0.3829481466667764,0.4589371980676329,0.23812563987287877,0.3333333333333333
KAUS,2026-06-25,1.04,0.013333333333333338,1.4349568459745825,0.7424182295667281,0.7828400947567041,0.41045673076923084,0.3829481466667764,0.47596153846153844,0.23812563987287877,0.47596153846153844
KAUS,2026-06-26,0.9900000000000001,0.019999999999999993,1.4349568459745825,0.587786664902119,0.7828400947567041,0.28191000918273645,0.3829481466667764,0.5555555555555556,0.23812563987287877,0.5555555555555556
KAUS,2026-06-27,1.0399999999999998,0.009999999999999997,1.4349568459745825,0.7628271011979351,0.7828400947567041,0.44614460059171596,0.3829481466667764,0.4663461538461539,0.23812563987287877,0.4663461538461539
KAUS,2026-06-28,1.025,0.011666666666666667,2.0008679241831206,0.9041693713418102,0.9858285111250565,0.6006900654372398,0.34465713747138893,0.49268292682926834,0.1352178734302376,0.40487804878048783
KAUS,2026-06-29,1.0599999999999998,0.010000000000000005,1.4349568459745825,0.5944123398742562,0.7828400947567041,0.2774563901744393,0.3829481466667764,0.5518867924528302,0.23812563987287877,0.5518867924528302
KAUS,2026-06-30,1.05,0.009999999999999993,0.9598556862601899,0.6375773294051346,0.4931950811689089,0.3761904761904762,0.3829481466667764,0.5285714285714286,0.3829481466667764,0.5285714285714286
KAUS,2026-07-01,1.0150000000000001,0.015000000000000006,1.3122033882363775,0.4304040564554165,0.6597070022107764,0.19117183139605426,0.26922619254307484,0.6502463054187192,0.26922619254307484,0.6502463054187192
KAUS,2026-07-02,1.0350000000000001,0.025000000000000005,0.9598556862601899,0.47290638890369713,0.4931950811689089,0.2292235524749703,0.3829481466667764,0.6231884057971013,0.3829481466667764,0.6231884057971013
KAUS,2026-07-03,1.0399999999999998,0.013333333333333338,1.1391077028674172,1.6739764335716714,0.6160552124469036,1.0531619822485208,0.34465713747138893,0.6057692307692308,0.320104522769314,0.18750000000000003
KAUS,2026-07-04,1.075,0.011666666666666667,0.9598556862601899,0.9047299094730791,0.4931950811689089,0.6239048134126555,0.3829481466667764,0.516279069767442,0.3829481466667764,0.4046511627906977
KAUS,2026-07-05,1.06,0.010000000000000004,1.5282951730676366,1.1821990047763753,0.7677432897176074,0.802376290494838,0.2860078185005824,0.5613207547169811,0.2169051380057691,0.30660377358490565
KAUS,2026-07-06,1.065,0.015,1.251736131121321,2.1424163408412245,0.629537928727981,1.0750953294099495,0.2860078185005824,0.47417840375586856,0.2860078185005824,0.11737089201877934
KAUS,2026-07-07,0.9900000000000001,0.010000000000000004,1.3548901952467867,0.8694264228979375,0.68220814760505,0.5062238547087033,0.26922619254307484,0.4191919191919191,0.257975619845938,0.4191919191919191
KAUS,2026-07-08,1.065,0.01166666666666667,1.5686985878625808,0.6978530715973578,0.8424591522239907,0.4085168286715598,0.3829481466667764,0.4976525821596245,0.20831611113923554,0.4976525821596245
KAUS,2026-07-09,1.02,0.013333333333333336,1.1391077028674172,0.5645298027378518,0.6160552124469036,0.26230296039984624,0.34465713747138893,0.5686274509803921,0.320104522769314,0.5686274509803921
KAUS,2026-07-10,1.045,0.01499999999999999,0.9598556862601899,0.9728863994977894,0.4931950811689089,0.5536503285181199,0.3829481466667764,0.3779904306220096,0.3829481466667764,0.3779904306220096
KAUS,2026-07-11,1.025,0.01166666666666667,2.3375264075487125,1.1958755940933166,1.0050269703160795,0.6919214753123142,0.26922619254307484,0.38536585365853665,0.09656620849042319,0.30243902439024395
KAUS,2026-07-12,1.015,0.011666666666666667,1.9808747999274103,2.135152148693842,0.9222623729625751,1.05816690528768,0.26922619254307484,0.41871921182266014,0.13794850716717544,0.11822660098522168
KAUS,2026-07-13,1.005,0.021666666666666664,1.6081441708029829,1.6397432619294292,0.8036689793691223,0.8867107249820549,0.2860078185005824,0.4029850746268657,0.2002589157751684,0.1940298507462687
KAUS,2026-07-14,1.0699999999999998,0.010000000000000004,1.385451508420863,0.4907786918206997,0.7240648297896427,0.2160450694383788,0.26922619254307484,0.6121495327102805,0.2502108019997947,0.6121495327102805
KAUS,2026-07-15,0.9200000000000002,0.020000000000000007,2.3375264075487125,0.5514966634969186,1.0050269703160795,0.2522448015122874,0.26922619254307484,0.576086956521739,0.09656620849042319,0.576086956521739
KAUS,2026-07-16,1.06,0.033333333333333326,1.9808747999274103,1.8600787132055325,0.9222623729625751,0.9175863296546813,0.26922619254307484,0.32547169811320753,0.13794850716717544,0.15566037735849053
KAUS,2026-07-17,1.07,0.013333333333333341,2.1715603957384277,1.702414368892205,1.028265070838462,0.9522229015634552,0.34465713747138893,0.44392523364485975,0.11399959357353484,0.1822429906542056
KAUS,2026-07-18,0.9650000000000001,0.011666666666666672,1.1391077028674172,0.9188847670512018,0.6160552124469036,0.4693817283685468,0.34465713747138893,0.39896373056994816,0.320104522769314,0.39896373056994816
KAUS,2026-07-19,1.05,0.009999999999999983,1.251736131121321,0.6197197120051282,0.6321711739182944,0.2869387755102041,0.2860078185005824,0.5380952380952381,0.2860078185005824,0.5380952380952381
KAUS,2026-07-20,1.0499999999999998,0.013333333333333336,1.3548901952467867,0.7519876805828786,0.68220814760505,0.39446712018140584,0.26922619254307484,0.47142857142857153,0.257975619845938,0.47142857142857153
KAUS,2026-07-21,1.04,0.013333333333333329,1.5686985878625808,1.0334729864971484,0.8414668169510243,0.6290680473372781,0.3829481466667764,0.4471153846153846,0.20831611113923554,0.3557692307692307
KAUS,2026-07-22,0.935,0.011666666666666667,0.9598556862601899,0.5771482666970632,0.49220274589594265,0.2610311990620263,0.3829481466667764,0.5614973262032086,0.3829481466667764,0.5614973262032086
KAUS,2026-07-23,0.9800000000000001,0.019999999999999987,0.9598556862601899,0.5596157879354228,0.493195081168909,0.2578092461474386,0.3829481466667764,0.5714285714285714,0.3829481466667764,0.5714285714285714
KAUS,2026-07-24,1.02,0.01666666666666666,1.0652051605325774,0.8754687373539001,0.5669499830427538,0.5022587466359093,0.34465713747138893,0.41666666666666663,0.34465713747138893,0.41666666666666663
KAUS,2026-07-25,1.08,0.02,1.1391077028674172,0.9326271511938484,0.628099566505412,0.5772462277091904,0.34465713747138893,0.449074074074074,0.320104522769314,0.39351851851851855
KAUS,2026-07-26,1.0050000000000001,0.01166666666666667,1.0652051605325774,0.611957025829932,0.5789943371012621,0.35167446350337866,0.34465713747138893,0.5422885572139303,0.34465713747138893,0.5422885572139303
KAUS,2026-07-27,1.03,0.010000000000000002,0.9598556862601899,0.5487526756780517,0.493195081168909,0.25633895748892455,0.3829481466667764,0.5776699029126213,0.3829481466667764,0.5776699029126213
KAUS,2026-07-28,1.04,0.013333333333333338,0.9598556862601899,0.5668534552356532,0.493195081168909,0.3131471893491124,0.3829481466667764,0.5673076923076923,0.3829481466667764,0.5673076923076923
KAUS,2026-07-29,1.025,0.01166666666666665,1.0652051605325774,0.5956221604260675,0.5669499830427538,0.2831647828673408,0.34465713747138893,0.551219512195122,0.34465713747138893,0.551219512195122
KAUS,2026-07-30,1.0699999999999998,0.010000000000000004,0.9598556862601899,0.8120991234213105,0.493195081168909,0.5109179841034153,0.3829481466667764,0.44392523364485986,0.3829481466667764,0.44392523364485986
KAUS,2026-07-31,1.065,0.015000000000000005,1.1391077028674172,0.5171050792508337,0.6280995665054119,0.23835658709691637,0.34465713747138893,0.5962441314553991,0.320104522769314,0.5962441314553991
KAUS,2026-08-01,1.075,0.014999999999999994,1.8891784258103206,2.0384335179524586,0.8717405988848949,1.0239913466738777,0.2187468849991605,0.37674418604651166,0.15119597653480282,0.1302325581395349
KAUS,2026-08-02,1.055,0.011666666666666672,0.9598556862601899,0.7979812418755257,0.537320727490108,0.4325149929246873,0.3829481466667764,0.45023696682464454,0.3829481466667764,0.45023696682464454
KAUS,2026-08-03,1.055,0.01166666666666666,1.9808747999274103,0.8192586403228106,1.0828409945794601,0.5254149727095079,0.5194369945428695,0.4549763033175356,0.13794850716717544,0.44075829383886256
KAUS,2026-08-04,1.06,0.009999999999999995,1.1391077028674172,1.0661268335236214,0.6160552124469036,0.653568885724457,0.34465713747138893,0.4386792452830188,0.320104522769314,0.3443396226415094
KDEN,2026-05-24,1.05,0.019999999999999997,1.1900028252658954,0.9282669229208708,0.6075646813443271,0.5047619047619047,0.3042204045619562,0.3952380952380952,0.3042204045619562,0.3952380952380952
KDEN,2026-05-25,1.065,0.011666666666666672,1.1900028252658954,0.8614824953791599,0.605386066291401,0.46846965989993156,0.3042204045619562,0.4225352112676057,0.3042204045619562,0.4225352112676057
KDEN,2026-05-26,1.05,0.016666666666666673,1.1900028252658954,1.2695700868117492,0.6075646813443271,0.731609977324263,0.3042204045619562,0.3952380952380952,0.3042204045619562,0.28095238095238095
KDEN,2026-05-27,1.07,0.013333333333333336,1.3358612902379803,0.6210438866586017,0.6545894667975323,0.3055288671499695,0.26293161746856064,0.5373831775700934,0.26293161746856064,0.5373831775700934
KDEN,2026-05-28,1.03,0.016666666666666663,1.6550215910812154,0.9584283163225596,0.8009650675987765,0.5663116222075595,0.22414603379041603,0.3932038834951456,0.1910879298659111,0.38349514563106796
KDEN,2026-05-29,1.0,0.02,1.8623227981398809,1.742969305058623,0.8698297939263575,0.8618999999999999,0.26293161746856064,0.3,0.15531145390414802,0.175
KDEN,2026-05-30,1.035,0.01166666666666667,1.7031920145481383,0.9138781854687711,0.818938276782455,0.4830917874396135,0.22414603379041603,0.40096618357487923,0.18210132527407197,0.40096618357487923
KDEN,2026-05-31,1.02,0.020000000000000004,1.2972022643251784,0.6641596436866929,0.6872264914641704,0.3210303729334871,0.2858581035944598,0.5147058823529412,0.27329533254673466,0.5147058823529412
KDEN,2026-06-01,1.025,0.015,1.5296345027084362,0.8803587226480917,0.7405072060987022,0.46862581796549674,0.21661482498101292,0.41463414634146345,0.21661482498101292,0.41463414634146345
KDEN,2026-06-02,0.9900000000000001,0.010000000000000004,1.3358612902379803,0.4440799442359441,0.6545894667975323,0.18748086929905122,0.26293161746856064,0.6414141414141413,0.26293161746856064,0.6414141414141413
KDEN,2026-06-03,0.9800000000000001,0.016666666666666666,1.9401432114399382,1.4939250253122562,0.8863701136573092,0.7809246147438567,0.21661482498101292,0.28061224489795916,0.14368337120170938,0.22448979591836732
KDEN,2026-06-04,1.0150000000000001,0.01833333333333333,0.7635443631934007,0.870554722551471,0.38953203622335436,0.4629085879298212,0.4660117814039263,0.41871921182266003,0.4660117814039263,0.41871921182266003
KDEN,2026-06-05,1.07,0.01,0.9102379329879665,1.2884385711161321,0.45562046854389754,0.811904969866364,0.4024284616352513,0.5,0.4024284616352513,0.2757009345794392
KDEN,2026-06-06,1.06,0.010000000000000005,1.847708029324362,1.8600787132055323,0.8959563740033756,1.0869971520113917,0.2858581035944598,0.5613207547169811,0.1575979625972474,0.15566037735849056
KDEN,2026-06-07,1.005,0.025000000000000005,1.408563114971158,1.2602536402245255,0.832566916758263,0.7738422316279301,0.4660117814039263,0.4875621890547264,0.244494341136472,0.28358208955223885
KDEN,2026-06-08,1.07,0.01333333333333331,1.554284551793085,0.6385881963095111,0.7604598637919185,0.316665210935453,0.22414603379041603,0.52803738317757,0.2113405317693402,0.52803738317757
KDEN,2026-06-09,1.065,0.018333333333333326,3.175667706658182,3.7518542532753245,1.1302944610196044,1.2724106768939143,0.3042204045619562,0.43661971830985913,0.04176620719785471,0.02347417840375587
KDEN,2026-06-10,0.98,0.010000000000000004,1.6550215910812154,1.667196746586293,0.8009650675987765,0.9476780508121617,0.22414603379041603,0.44387755102040816,0.1910879298659111,0.18877551020408162
KDEN,2026-06-11,1.0550000000000002,0.015000000000000008,1.1900028252658954,1.0751920144600113,0.6704433239094051,0.6030412614271916,0.36701954593931196,0.3744075829383886,0.3042204045619562,0.3412322274881516
KDEN,2026-06-12,1.0799999999999998,0.010000000000000007,0.7635443631934007,1.031472985830481,0.40452253060694293,0.577460562414266,0.4660117814039263,0.35648148148148157,0.4660117814039263,0.35648148148148157
KDEN,2026-06-13,1.02,0.01333333333333333,1.5296345027084362,0.9486721413771949,0.7405072060987022,0.4616493656286045,0.21661482498101292,0.3872549019607843,0.21661482498101292,0.3872549019607843
KDEN,2026-06-14,1.0699999999999998,0.013333333333333334,0.3567576340100794,0.4172161246436832,0.11244087507072392,0.1590968643549655,0.6999421193431679,0.6588785046728972,0.6999421193431679,0.6588785046728972
KDEN,2026-06-15,1.0750000000000002,0.034999999999999996,1.5639759548850118,0.9162907318741553,0.7952223986129059,0.5336506219578152,0.3042204045619562,0.3999999999999999,0.20930223840120377,0.3999999999999999
KDEN,2026-06-16,1.03,0.020000000000000007,1.5639759548850118,1.54368653487132,0.7952223986129059,0.9178056367235367,0.3042204045619562,0.49514563106796117,0.20930223840120377,0.21359223300970873
KDEN,2026-06-17,0.995,0.028333333333333332,1.2086219396405942,2.03520828670301,0.6129495531049441,1.0014898613671372,0.2986084965558857,0.3417085427135678,0.2986084965558857,0.1306532663316583
KDEN,2026-06-18,0.9700000000000001,0.02,1.2522597325592055,0.8984103065963066,0.7676599966795877,0.4851737697948772,0.47903329134861217,0.4072164948453608,0.2858581035944598,0.4072164948453608
KDEN,2026-06-19,1.0150000000000001,0.024999999999999994,1.2086219396405942,1.270154711207237,0.6129495531049441,0.7436239656385741,0.2986084965558857,0.38916256157635465,0.2986084965558857,0.28078817733990147
KDEN,2026-06-20,1.075,0.021666666666666664,2.148381452968639,1.7597201154834383,0.9457507083173138,0.8768848025959978,0.22414603379041603,0.3209302325581395,0.11667284552006582,0.17209302325581396
KDEN,2026-06-21,0.97,0.016666666666666673,1.5639759548850118,1.260524973830857,0.7974010136658319,0.7211180784355403,0.3042204045619562,0.3969072164948454,0.20930223840120377,0.2835051546391753
KDEN,2026-06-22,0.9950000000000001,0.018333333333333337,1.1900028252658954,0.9494994028708087,0.605386066291401,0.5088760384838766,0.3042204045619562,0.3869346733668341,0.3042204045619562,0.3869346733668341
KDEN,2026-06-23,0.8950000000000001,0.01833333333333333,1.9656534459039958,1.1443345380062049,0.8896746156378162,0.6171467806872445,0.1985751425560801,0.31843575418994413,0.1400643322419584,0.31843575418994413
KDEN,2026-06-24,0.9550000000000001,0.011666666666666672,1.147537141238322,2.687324070585093,0.5644915836821959,1.0755187631917984,0.3174175621172366,0.28272251308900526,0.3174175621172366,0.06806282722513089
KDEN,2026-06-25,1.06,0.026666666666666672,1.9916147359123697,1.6430142079677046,0.9178577982356031,1.0059629761480953,0.3000578806568321,0.5613207547169811,0.13647487654503643,0.19339622641509435
KDEN,2026-06-26,0.99,0.016666666666666673,2.0101576894694664,1.7047480922384253,0.9018681846585859,0.9076624834200592,0.1985751425560801,0.398989898989899,0.1339675477315735,0.18181818181818182
KDEN,2026-06-27,0.985,0.011666666666666664,2.2350077388499465,1.9873668627336594,0.9691583236100391,1.0706794815635547,0.22414603379041603,0.49238578680203043,0.10699130186027994,0.1370558375634518
KDEN,2026-06-28,1.0699999999999998,0.02333333333333334,1.4954575029810646,0.6123858239154867,0.7308043317766135,0.2829941479605205,0.22414603379041603,0.5420560747663552,0.22414603379041603,0.5420560747663552
KDEN,2026-06-29,1.005,0.01166666666666666,1.6550215910812154,1.37147927533475,0.8009650675987765,0.8057226306279547,0.22414603379041603,0.4626865671641791,0.1910879298659111,0.2537313432835821
KDEN,2026-06-30,1.04,0.016666666666666673,1.5544056308036025,1.3672461661491961,0.787536657384819,0.8348280325443787,0.2986084965558857,0.5048076923076923,0.21131494441594834,0.2548076923076923
KDEN,2026-07-01,1.0899999999999999,0.010000000000000004,1.2522597325592055,1.2413603363975563,0.6394360920089508,0.697710630418315,0.2858581035944598,0.389908256880734,0.2858581035944598,0.28899082568807344
KDEN,2026-07-02,1.045,0.011666666666666667,1.4781984591051327,1.47113324105692,0.7599091772376684,0.8894942881344294,0.3042204045619562,0.5119617224880384,0.22804815661528552,0.22966507177033493
KDEN,2026-07-03,0.985,0.021666666666666664,1.4781984591051327,1.0205238516966733,0.7577305621847423,0.6492308485145198,0.3042204045619562,0.48223350253807107,0.22804815661528552,0.36040609137055835
KDEN,2026-07-04,0.9650000000000001,0.015000000000000001,1.2972022643251784,2.127195972975736,0.6805324304736806,1.1266879647775778,0.2858581035944598,0.533678756476684,0.27329533254673466,0.11917098445595853
KDEN,2026-07-05,1.0599999999999998,0.009999999999999997,1.5811519645791858,0.7614664245374224,0.8156471779633949,0.4152278390886436,0.2858581035944598,0.46698113207547176,0.2057379588018775,0.46698113207547176
KDEN,2026-07-06,1.015,0.01166666666666665,0.7635443631934007,0.5858181603294468,0.3893020105619771,0.2833361644301003,0.4660117814039263,0.5566502463054187,0.4660117814039263,0.5566502463054187
KDEN,2026-07-07,1.045,0.011666666666666667,0.7359851822147251,1.0116009116784799,0.38130962117128303,0.5755820608502552,0.47903329134861217,0.368421052631579,0.47903329134861217,0.36363636363636365
KDEN,2026-07-08,1.0499999999999998,0.010000000000000005,1.5811519645791858,0.7319870138762091,0.8156471779633949,0.3912471655328798,0.2858581035944598,0.480952380952381,0.2057379588018775,0.480952380952381
KDEN,2026-07-09,1.015,0.011666666666666664,1.5544056308036025,1.079099474444528,0.7782865116177206,0.5808439903904487,0.273461734047153,0.33990147783251234,0.21131494441594834,0.33990147783251234
KDEN,2026-07-10,1.02,0.01,1.2522597325592055,1.3862943611198906,0.6554068883782302,0.7884948096885813,0.2858581035944598,0.4068627450980392,0.2858581035944598,0.25
KDEN,2026-07-11,1.01,0.019999999999999993,1.847708029324362,2.3638287182347644,0.911927170372655,1.1949808842270366,0.2858581035944598,0.4653465346534653,0.1575979625972474,0.09405940594059406
KDEN,2026-07-12,1.0899999999999999,0.013333333333333338,1.2522597325592055,0.789375212654499,0.6394360920089508,0.43110849255113204,0.2858581035944598,0.45412844036697253,0.2858581035944598,0.45412844036697253
KDEN,2026-07-13,1.0699999999999998,0.010000000000000002,1.1900028252658954,0.6210438866586014,0.605386066291401,0.33133898157044284,0.3042204045619562,0.5373831775700935,0.3042204045619562,0.5373831775700935
KDEN,2026-07-14,1.075,0.011666666666666659,1.2972022643251784,1.1365315235304034,0.6872264914641704,0.660248783126014,0.2858581035944598,0.4046511627906977,0.27329533254673466,0.3209302325581395
KDEN,2026-07-15,1.0699999999999998,0.013333333333333338,1.1900028252658954,0.7708561648872615,0.605386066291401,0.39282906804087697,0.3042204045619562,0.4626168224299066,0.3042204045619562,0.4626168224299066
KDEN,2026-07-16,1.03,0.013333333333333336,1.2972022643251784,0.7327563186549911,0.6645616341044011,0.36737675558488075,0.2858581035944598,0.48058252427184467,0.27329533254673466,0.48058252427184467
KDEN,2026-07-17,1.0699999999999998,0.016666666666666666,1.1900028252658954,0.8333765218685955,0.6075646813443271,0.4550615774303432,0.3042204045619562,0.4345794392523365,0.3042204045619562,0.4345794392523365
KDEN,2026-07-18,1.0050000000000001,0.011666666666666665,1.1900028252658954,0.6881843912178164,0.6075646813443271,0.3439518823791491,0.3042204045619562,0.5024875621890547,0.3042204045619562,0.5024875621890547
KDEN,2026-07-19,1.02,0.01,1.1900028252658954,0.5559460590464603,0.605386066291401,0.24735678585159557,0.3042204045619562,0.5735294117647058,0.3042204045619562,0.5735294117647058
KDEN,2026-07-20,1.015,0.014999999999999986,1.1900028252658954,0.5682738506785373,0.605386066291401,0.2566429663423039,0.3042204045619562,0.5665024630541872,0.3042204045619562,0.5665024630541872
KDEN,2026-07-21,1.05,0.013333333333333327,1.5544056308036025,1.3040562628829184,0.7782865116177206,0.7273469387755102,0.273461734047153,0.3952380952380952,0.21131494441594834,0.27142857142857146
KDEN,2026-07-22,1.0499999999999998,0.016666666666666646,1.5296345027084362,1.0986122886681096,0.8814710021951135,0.7391383219954649,0.48477667846310135,0.5380952380952382,0.21661482498101292,0.33333333333333337
KDEN,2026-07-23,1.015,0.01833333333333333,1.4954575029810646,0.9957178655054768,0.7961503527337412,0.5432793807178042,0.37342550457433266,0.3694581280788178,0.22414603379041603,0.3694581280788178
KDEN,2026-07-24,1.075,0.015000000000000001,1.2972022643251784,1.0939719091116076,0.6805324304736806,0.6408653326122228,0.2858581035944598,0.4,0.27329533254673466,0.33488372093023255
KDEN,2026-07-25,1.06,0.013333333333333336,1.2972022643251784,1.0661268335236214,0.6805324304736806,0.6516108935564258,0.2858581035944598,0.44811320754716977,0.27329533254673466,0.3443396226415094
KDEN,2026-07-26,1.06,0.016666666666666673,1.2972022643251784,1.0127808528183286,0.6805324304736806,0.6195710217159132,0.2858581035944598,0.44811320754716977,0.27329533254673466,0.3632075471698113
KDEN,2026-07-27,1.0950000000000002,0.015,2.148381452968639,1.4572460970921752,0.9457507083173138,0.7911428035278665,0.22414603379041603,0.3698630136986301,0.11667284552006582,0.23287671232876708
KDEN,2026-07-28,1.07,0.009999999999999997,1.4954575029810646,1.515828413311793,0.7961503527337412,0.820115293912132,0.37342550457433266,0.40654205607476634,0.22414603379041603,0.21962616822429903
KDEN,2026-07-29,1.045,0.01833333333333334,1.7526734885107778,1.05187481081642,0.8527067453481348,0.5891806506261305,0.3174175621172366,0.3492822966507177,0.17330998128426717,0.3492822966507177
KDEN,2026-07-30,1.065,0.011666666666666667,1.9338596484637316,2.653241964607215,0.8845587416590253,1.169344706738081,0.21661482498101292,0.38967136150234744,0.14458905720085136,0.07042253521126762
KDEN,2026-07-31,0.9700000000000001,0.009999999999999993,1.5544056308036025,1.0337516544660688,0.7511069672288313,0.5449569561058561,0.21661482498101292,0.35567010309278346,0.21131494441594834,0.35567010309278346
KDEN,2026-08-01,1.04,0.009999999999999993,1.5639759548850118,0.9186974719047202,0.7952223986129059,0.5300943047337279,0.3042204045619562,0.3990384615384615,0.20930223840120377,0.3990384615384615
KDEN,2026-08-02,1.035,0.011666666666666672,1.2972022643251784,1.0422593521169778,0.6805324304736806,0.6142500408410931,0.2858581035944598,0.4202898550724638,0.27329533254673466,0.3526570048309179
KDEN,2026-08-03,1.03,0.010000000000000005,1.5544056308036025,0.7327563186549911,0.7782865116177204,0.39433499858610616,0.273461734047153,0.48058252427184467,0.21131494441594834,0.48058252427184467
KDEN,2026-08-04,1.0450000000000002,0.011666666666666665,1.6574166151001444,1.7314163393205866,0.8053565459092038,0.8704928916462535,0.28362629169814113,0.3157894736842105,0.1906308173004468,0.1770334928229665
KMIA,2026-05-24,1.03,0.020000000000000007,1.1288034146744035,0.46034171833399856,0.7868588952312425,0.20529738900933164,0.5675611034298153,0.6310679611650486,0.3234200246310005,0.6310679611650486
KMIA,2026-05-25,1.0199999999999998,0.010000000000000004,0.5664068641807463,1.143732723948579,0.298576737633613,0.8427047289504038,0.5675611034298153,0.6127450980392158,0.5675611034298153,0.31862745098039225
KMIA,2026-05-26,1.05,0.010000000000000002,0.5664068641807463,0.35667494393873245,0.298576737633613,0.13727891156462588,0.5675611034298153,0.7,0.5675611034298153,0.7
KMIA,2026-05-27,1.055,0.015000000000000005,1.1288034146744035,0.5235443961737654,0.7868588952312425,0.28745985040767286,0.5675611034298153,0.5924170616113744,0.3234200246310005,0.5924170616113744
KMIA,2026-05-28,1.015,0.014999999999999994,1.2785071145289264,2.1777117631126375,0.887660414653823,1.1539226867917205,0.5973047613520603,0.49753694581280794,0.278452688285539,0.11330049261083745
KMIA,2026-05-29,1.03,0.016666666666666673,2.4844670386608274,2.6888188391743224,1.143344266138465,1.2419643698746345,0.4257370397315424,0.5097087378640777,0.08336997564752546,0.0679611650485437
KMIA,2026-05-30,1.0299999999999998,0.023333333333333334,0.8539334009325245,1.6902900090631952,0.45708325073422595,0.9131869167687813,0.4257370397315424,0.37378640776699035,0.4257370397315424,0.18446601941747576
KMIA,2026-05-31,1.015,0.015000000000000008,3.443517645340082,3.115981401705568,1.2452983578160985,1.220315950399185,0.4377435611930753,0.38916256157635476,0.03195209128599097,0.04433497536945813
KMIA,2026-06-01,1.0,0.013333333333333334,3.443517645340082,1.5847452998437288,1.2452983578160985,0.89055,0.4377435611930753,0.375,0.03195209128599097,0.20500000000000002
KMIA,2026-06-02,1.025,0.01166666666666667,3.443517645340082,0.7691330875378672,1.2452983578160985,0.4377394408090423,0.4377435611930753,0.4634146341463415,0.03195209128599097,0.4634146341463415
KMIA,2026-06-03,0.9600000000000001,0.013333333333333327,1.1545164706066895,1.114360645636249,0.6781375035585921,0.6564127604166666,0.4257370397315424,0.421875,0.3152099133193593,0.328125
KMIA,2026-06-04,1.03,0.010000000000000007,2.3099291810791542,1.5666760530960187,1.2459910272059955,0.8579036666980865,0.5973047613520603,0.3640776699029126,0.09926828138328225,0.2087378640776699
KMIA,2026-06-05,1.085,0.03833333333333332,1.1288034146744035,0.6349652251772097,0.7868588952312425,0.311537726432925,0.5675611034298153,0.5299539170506912,0.3234200246310005,0.5299539170506912
KMIA,2026-06-06,1.01,0.013333333333333336,0.5153278078173189,0.41791856917945097,0.2499180672684394,0.17091461621409662,0.5973047613520603,0.6584158415841584,0.5973047613520603,0.6584158415841584
KMIA,2026-06-07,1.045,0.015000000000000005,0.5153278078173189,0.5301498965923934,0.2499180672684394,0.2380897873217188,0.5973047613520603,0.5885167464114833,0.5973047613520603,0.5885167464114833
KMIA,2026-06-08,1.0199999999999998,0.010000000000000004,0.5153278078173189,0.3836460607135244,0.2499180672684394,0.1662341407151095,0.5973047613520603,0.681372549019608,0.5973047613520603,0.681372549019608
KMIA,2026-06-09,1.045,0.015,0.5153278078173189,0.5801603171670549,0.2499180672684394,0.2847920148348252,0.5973047613520603,0.5598086124401914,0.5973047613520603,0.5598086124401914
KMIA,2026-06-10,1.065,0.011666666666666664,0.8539334009325245,0.7661723155748352,0.45708325073422595,0.48552976702153444,0.4257370397315424,0.4647887323943662,0.4257370397315424,0.4647887323943662
KMIA,2026-06-11,0.955,0.015000000000000001,0.5153278078173189,0.4647816852645839,0.2499180672684394,0.19643101888654368,0.5973047613520603,0.6282722513089005,0.5973047613520603,0.6282722513089005
KMIA,2026-06-12,1.0199999999999998,0.010000000000000004,0.5153278078173189,0.5731878654809661,0.2499180672684394,0.30310457516339867,0.5973047613520603,0.5637254901960785,0.5973047613520603,0.5637254901960785
KMIA,2026-06-13,1.0250000000000001,0.015000000000000006,0.5153278078173189,0.6980371658541372,0.2499180672684394,0.38681737061273047,0.5973047613520603,0.49756097560975604,0.5973047613520603,0.49756097560975604
KMIA,2026-06-14,0.9899999999999999,0.01,2.3099291810791542,1.7329189692051215,1.2459910272059955,1.0863687378838893,0.5973047613520603,0.6111111111111112,0.09926828138328225,0.17676767676767677
KMIA,2026-06-15,1.0199999999999998,0.009999999999999997,5.186761193961845,2.0992441689760155,1.4333474245313365,1.1143310265282584,0.5973047613520603,0.4558823529411765,0.0055900827206119,0.12254901960784316
KMIA,2026-06-16,1.0,0.020000000000000004,2.3099291810791542,0.9288695140810151,1.2459910272059955,0.5683,0.5973047613520603,0.435,0.09926828138328225,0.395
KMIA,2026-06-17,1.0350000000000001,0.014999999999999998,0.5153278078173189,0.8001193001121134,0.2499180672684394,0.4442577423043713,0.5973047613520603,0.44927536231884047,0.5973047613520603,0.44927536231884047
KMIA,2026-06-18,0.9900000000000001,0.009999999999999986,0.5153278078173189,0.3682861048664103,0.2499180672684394,0.13544536271808996,0.5973047613520603,0.6919191919191919,0.5973047613520603,0.6919191919191919
KMIA,2026-06-19,1.055,0.014999999999999984,1.2785071145289264,1.501710531766008,0.8876222134014823,1.0242357539138833,0.5973047613520603,0.6398104265402844,0.278452688285539,0.22274881516587677
KMIA,2026-06-20,0.925,0.011666666666666667,0.5153278078173189,0.36054342071665274,0.2499180672684394,0.12610664718772827,0.5973047613520603,0.6972972972972973,0.5973047613520603,0.6972972972972973
KMIA,2026-06-21,1.05,0.013333333333333336,1.1288034146744035,1.2039728043259361,0.7869212746319888,0.7700226757369615,0.5675611034298153,0.5095238095238095,0.3234200246310005,0.3
KMIA,2026-06-22,1.01,0.02,1.1288034146744035,0.5460937626034487,0.7868588952312425,0.26458190373492796,0.5675611034298153,0.5792079207920792,0.3234200246310005,0.5792079207920792
KMIA,2026-06-23,1.035,0.01833333333333333,1.9093238191305149,1.158331523369732,1.013723118272806,0.8062731919064622,0.4257370397315424,0.5748792270531401,0.148180549580355,0.3140096618357488
KMIA,2026-06-24,1.015,0.015,0.8539334009325245,0.4929244134367504,0.45861013797043104,0.23523987478463443,0.4257370397315424,0.6108374384236454,0.4257370397315424,0.6108374384236454
KMIA,2026-06-25,1.0299999999999998,0.010000000000000004,0.8261220167922557,0.5156918134171635,0.4337154180019298,0.26519935903478176,0.4377435611930753,0.5970873786407768,0.4377435611930753,0.5970873786407768
KMIA,2026-06-26,1.0,0.009999999999999993,0.8261220167922557,0.43850496218636453,0.4337154180019298,0.20875,0.4377435611930753,0.645,0.4377435611930753,0.645
KMIA,2026-06-27,1.0599999999999998,0.010000000000000004,0.8261220167922557,0.4967738703103401,0.4337154180019298,0.24061053755784967,0.4377435611930753,0.608490566037736,0.4377435611930753,0.608490566037736
KMIA,2026-06-28,1.06,0.01333333333333331,0.5153278078173189,0.629198455959672,0.2499180672684394,0.3711285154859381,0.5973047613520603,0.5330188679245282,0.5973047613520603,0.5330188679245282
KMIA,2026-06-29,1.0599999999999998,0.010000000000000005,0.5664068641807463,0.39374164441210496,0.2986391170343593,0.15552687789248837,0.5675611034298153,0.6745283018867926,0.5675611034298153,0.6745283018867926
KMIA,2026-06-30,1.025,0.01166666666666667,1.2339216697738369,0.5355182363563621,0.7375428495933944,0.27807257584770967,0.4377435611930753,0.5853658536585367,0.2911485474344871,0.5853658536585367
KMIA,2026-07-01,1.055,0.01166666666666667,0.8539334009325245,0.5396737781036489,0.45861013797043104,0.27546551065789177,0.4257370397315424,0.5829383886255924,0.4257370397315424,0.5829383886255924
KMIA,2026-07-02,1.015,0.015000000000000005,1.7903001036728627,1.3619622604603598,0.9753823967389783,0.8617049673614988,0.4377435611930753,0.5270935960591134,0.1669100718245511,0.2561576354679803
KMIA,2026-07-03,1.0499999999999998,0.013333333333333341,1.2339216697738369,1.0704414117014132,0.7269054455191063,0.7408616780045351,0.4377435611930753,0.5523809523809524,0.2911485474344871,0.3428571428571429
KMIA,2026-07-04,1.01,0.02000000000000001,0.8261220167922557,0.6543073472436813,0.4337154180019298,0.37564944613273205,0.4377435611930753,0.5198019801980198,0.4377435611930753,0.5198019801980198
KMIA,2026-07-05,1.015,0.01166666666666667,1.7903001036728627,1.1085133596508212,0.9753823967389783,0.7232400689169842,0.4377435611930753,0.5123152709359606,0.1669100718245511,0.3300492610837439
KMIA,2026-07-06,1.0499999999999998,0.01666666666666666,1.1545164706066895,1.3958638121360412,0.6796643907947973,0.8705668934240363,0.4257370397315424,0.5285714285714286,0.3152099133193593,0.24761904761904768
KMIA,2026-07-07,1.07,0.013333333333333338,0.8261220167922557,0.5701854694251106,0.4337154180019298,0.28500305703554907,0.4377435611930753,0.5654205607476634,0.4377435611930753,0.5654205607476634
KMIA,2026-07-08,1.01,0.013333333333333334,1.2785071145289264,1.4796263009121098,0.8876222134014823,1.0438192334084895,0.5973047613520603,0.6633663366336634,0.278452688285539,0.2277227722772277
KMIA,2026-07-09,1.055,0.01166666666666667,1.2785071145289264,0.5811735090104018,0.8876222134014823,0.319265065923946,0.5973047613520603,0.5592417061611374,0.278452688285539,0.5592417061611374
KMIA,2026-07-10,1.045,0.011666666666666667,0.8261220167922557,1.0248461384285004,0.4337154180019298,0.7269980082873561,0.4377435611930753,0.5598086124401914,0.4377435611930753,0.35885167464114837
KMIA,2026-07-11,1.0299999999999998,0.01,1.2339216697738369,1.4777285670795224,0.7269054455191063,0.9911867282495996,0.4377435611930753,0.6165048543689322,0.2911485474344871,0.22815533980582528
KMIA,2026-07-12,1.05,0.016666666666666673,0.8539334009325245,0.8584711609853288,0.45861013797043104,0.5500226757369614,0.4257370397315424,0.4619047619047619,0.4257370397315424,0.4238095238095238
KMIA,2026-07-13,1.04,0.013333333333333317,4.005319093752001,1.226664215528007,1.4092002321317518,0.802699704142012,0.5973047613520603,0.5384615384615385,0.018218474929547583,0.2932692307692307
KMIA,2026-07-14,1.0299999999999998,0.013333333333333329,0.5664068641807463,0.8060875917405407,0.2986391170343593,0.5345461400697522,0.5675611034298153,0.4757281553398059,0.5675611034298153,0.44660194174757284
KMIA,2026-07-15,1.0,0.01333333333333332,0.5664068641807463,0.5621189181535411,0.2986391170343593,0.2874999999999999,0.5675611034298153,0.5700000000000001,0.5675611034298153,0.5700000000000001
KMIA,2026-07-16,1.01,0.009999999999999995,0.8261220167922557,1.2652164295666546,0.4443528220762179,0.8010489167728653,0.4377435611930753,0.5198019801980198,0.4377435611930753,0.2821782178217822
KMIA,2026-07-17,1.02,0.013333333333333341,0.8539334009325245,0.9486721413771949,0.45861013797043104,0.5287389465590158,0.4257370397315424,0.3872549019607843,0.4257370397315424,0.3872549019607843
KMIA,2026-07-18,1.045,0.011666666666666664,1.2785071145289264,0.9603076172909293,0.8876222134014823,0.612760696870493,0.5973047613520603,0.4736842105263158,0.278452688285539,0.38277511961722493
KMIA,2026-07-19,1.015,0.011666666666666672,2.5238807171883377,1.816698417575307,1.2734653821996775,1.1043218714358516,0.5675611034298153,0.6059113300492611,0.08014797084715612,0.16256157635467983
KMIA,2026-07-20,1.015,0.011666666666666672,0.5153278078173189,0.8245696093096473,0.2499180672684394,0.5217306898978379,0.5973047613520603,0.4482758620689656,0.5973047613520603,0.4384236453201971
KMIA,2026-07-21,1.0050000000000001,0.014999999999999998,1.2785071145289264,0.908855753386637,0.8876222134014823,0.6360238607955249,0.5973047613520603,0.5273631840796019,0.278452688285539,0.40298507462686567
KMIA,2026-07-22,1.0599999999999998,0.010000000000000002,0.5664068641807463,0.4967738703103401,0.2986391170343593,0.24167853328586678,0.5675611034298153,0.608490566037736,0.5675611034298153,0.608490566037736
KMIA,2026-07-23,1.0549999999999997,0.011666666666666665,0.5664068641807463,0.40309824309789805,0.2986391170343593,0.1634284944183643,0.5675611034298153,0.6682464454976305,0.5675611034298153,0.6682464454976305
KMIA,2026-07-24,1.0199999999999998,0.01,1.1545164706066895,1.4679723921341576,0.6796643907947973,0.9561226451364859,0.4257370397315424,0.5833333333333334,0.3152099133193593,0.23039215686274514
KMIA,2026-07-25,0.9850000000000001,0.018333333333333337,0.5664068641807463,0.5125191042723239,0.2986391170343593,0.22489628694375025,0.5675611034298153,0.598984771573604,0.5675611034298153,0.598984771573604
KMIA,2026-07-26,1.03,0.01333333333333332,1.1545164706066895,0.9211569215253278,0.6796643907947973,0.5331322462060514,0.4257370397315424,0.3980582524271845,0.3152099133193593,0.3980582524271845
KMIA,2026-07-27,1.005,0.014999999999999998,0.8261220167922557,0.9088557533866368,0.4337154180019298,0.4981064825128091,0.4377435611930753,0.4029850746268657,0.4377435611930753,0.4029850746268657
KMIA,2026-07-28,1.025,0.015,1.2339216697738369,1.410986973710262,0.7269054455191063,0.7998572278405712,0.4377435611930753,0.42439024390243907,0.2911485474344871,0.24390243902439027
KMIA,2026-07-29,1.0299999999999998,0.013333333333333329,0.8261220167922557,0.5487526756780515,0.4337154180019298,0.24804411348854744,0.4377435611930753,0.5776699029126214,0.4377435611930753,0.5776699029126214
KMIA,2026-07-30,1.005,0.01166666666666667,1.1545164706066895,0.9858167945227653,0.6796643907947973,0.6398851513576397,0.4257370397315424,0.4875621890547264,0.3152099133193593,0.373134328358209
KMIA,2026-07-31,1.0499999999999998,0.009999999999999997,1.2775411571434074,0.7319870138762091,0.6865637456324454,0.3858049886621315,0.33439788953243027,0.480952380952381,0.27872179166658073,0.480952380952381
KMIA,2026-08-01,1.0599999999999998,0.010000000000000002,1.0786547079170985,0.8027093830714714,0.5855263263675045,0.45812566749732997,0.34005268825665097,0.4481132075471699,0.34005268825665097,0.4481132075471699
KMIA,2026-08-02,1.05,0.01666666666666668,1.0954237089983536,1.0296194171811581,0.5688772210932682,0.6711564625850339,0.33439788953243027,0.5,0.33439788953243027,0.35714285714285715
KMIA,2026-08-03,1.0250000000000001,0.011666666666666664,1.0786547079170985,0.7586617876705721,0.5579026613156571,0.39057703747769185,0.34005268825665097,0.4682926829268292,0.34005268825665097,0.4682926829268292
KMIA,2026-08-04,0.9899999999999999,0.01333333333333332,1.2775411571434074,1.0397717886451763,0.6865637456324454,0.6564636261605957,0.33439788953243027,0.47474747474747475,0.27872179166658073,0.35353535353535354
KNYC,2026-05-24,0.995,0.011666666666666667,1.0381971680224018,0.17531101230773732,0.5817584061525884,0.040201005025125636,0.35409247610714345,0.8391959798994975,0.35409247610714345,0.8391959798994975
KNYC,2026-05-25,1.0150000000000001,0.015,1.5420078889210629,0.9311793443679058,0.7699956026494987,0.5225072192967555,0.2669335467497432,0.3940886699507389,0.21395107985079034,0.3940886699507389
KNYC,2026-05-26,1.05,0.013333333333333341,1.3207555401375306,0.7419373447293773,0.6640306688515931,0.38122448979591833,0.2669335467497432,0.47619047619047616,0.2669335467497432,0.47619047619047616
KNYC,2026-05-27,1.045,0.018333333333333326,1.5420078889210629,1.8458266904983307,0.8242770454694974,1.045031020352098,0.34805518843240346,0.430622009569378,0.21395107985079034,0.15789473684210528
KNYC,2026-05-28,1.0699999999999998,0.023333333333333317,1.0381971680224018,0.6385881963095109,0.5817584061525884,0.3740938073194166,0.35409247610714345,0.5280373831775701,0.35409247610714345,0.5280373831775701
KNYC,2026-05-29,1.02,0.013333333333333341,1.198329654349767,0.9743145719905326,0.7360884694712098,0.6683487120338332,0.4534755420401175,0.5245098039215687,0.30169773076213496,0.37745098039215685
KNYC,2026-05-30,0.995,0.011666666666666667,2.031931538056543,0.08381867188307147,1.4296606348870116,0.01020176258175299,0.8205000333293492,0.9195979899497487,0.13108208642941488,0.9195979899497487
KNYC,2026-05-31,1.005,0.014999999999999998,1.433721952500469,0.6881843912178162,0.7565260184404169,0.3346451820499492,0.3371459233756525,0.5024875621890548,0.2384198813126015,0.5024875621890548
KNYC,2026-06-01,1.05,0.009999999999999993,1.433721952500469,0.9526583760450299,0.7581596179315336,0.6103854875283448,0.3371459233756525,0.4714285714285714,0.2384198813126015,0.38571428571428573
KNYC,2026-06-02,0.9550000000000001,0.011666666666666672,0.9209206010699634,0.44008907267421243,0.5133677112739428,0.20021380992845592,0.3981523328507861,0.643979057591623,0.3981523328507861,0.643979057591623
KNYC,2026-06-03,1.0299999999999998,0.01,1.2204552173310337,0.5657022339918248,0.6528158199335488,0.2655763973984353,0.31318067980630543,0.5679611650485438,0.295095803619959,0.5679611650485438
KNYC,2026-06-04,1.0499999999999998,0.013333333333333336,0.7908139424356209,0.8584711609853286,0.4053647181506414,0.485578231292517,0.4534755420401175,0.4238095238095239,0.4534755420401175,0.4238095238095239
KNYC,2026-06-05,1.065,0.014999999999999987,3.065282776595339,2.8763855159214247,1.2357179479645786,1.2914545174017502,0.4534755420401175,0.5258215962441315,0.046640651115015225,0.05633802816901409
KNYC,2026-06-06,1.04,0.016666666666666666,3.80979959977387,2.504324735645102,1.2295300417652395,1.2362703402366866,0.3371459233756525,0.5240384615384616,0.02215261790187659,0.08173076923076922
KNYC,2026-06-07,0.9550000000000001,0.01166666666666667,0.3692705082281165,0.10477895123317689,0.1462143497451572,0.016172802280639248,0.691238399482796,0.900523560209424,0.691238399482796,0.900523560209424
KNYC,2026-06-08,1.0599999999999998,0.016666666666666673,1.877221986205121,1.1821990047763753,0.9369782421380985,0.7196066215735138,0.31318067980630543,0.4575471698113208,0.1530145925176841,0.3066037735849057
KNYC,2026-06-09,1.0550000000000002,0.018333333333333323,2.4499563350826,0.6513777676836504,1.0607710718976937,0.355697311381146,0.3371459233756525,0.5213270142180094,0.08629735458396309,0.5213270142180094
KNYC,2026-06-10,1.085,0.011666666666666665,1.3207555401375306,1.2855527913183589,0.7183121116715917,0.7133300770880674,0.34805518843240346,0.3732718894009217,0.2669335467497432,0.2764976958525346
KNYC,2026-06-11,1.0699999999999998,0.010000000000000005,1.877221986205121,3.168751437685632,0.9369782421380985,1.232378373657088,0.31318067980630543,0.4252336448598132,0.1530145925176841,0.042056074766355145
KNYC,2026-06-12,1.06,0.01333333333333333,2.4499563350826,1.5953861589784502,1.0607710718976937,0.9135813456746171,0.3371459233756525,0.45283018867924524,0.08629735458396309,0.20283018867924527
KNYC,2026-06-13,1.01,0.016666666666666656,2.1569915371907062,1.1973938332278935,1.0036541909676528,0.819282423291834,0.3371459233756525,0.5693069306930693,0.11567259479454196,0.30198019801980197
KNYC,2026-06-14,1.045,0.015000000000000006,1.160975003210368,0.747214401830221,0.6052482825732004,0.38854421831002034,0.31318067980630543,0.4736842105263158,0.31318067980630543,0.4736842105263158
KNYC,2026-06-15,1.01,0.02000000000000001,1.5501150792094163,0.9907795838648943,0.8244171028701659,0.6628271738064896,0.31318067980630543,0.5099009900990099,0.21222354990308473,0.3712871287128713
KNYC,2026-06-16,1.0699999999999998,0.01333333333333333,1.877221986205121,1.1174807729724925,0.9255804571504431,0.7068739627915102,0.31318067980630543,0.48598130841121506,0.1530145925176841,0.3271028037383178
KNYC,2026-06-17,1.045,0.014999999999999994,1.2204552173310337,1.6046646336814425,0.6414180349458933,0.9351434262036125,0.31318067980630543,0.44976076555023925,0.295095803619959,0.20095693779904308
KNYC,2026-06-18,1.04,0.013333333333333317,1.8316244415292013,1.2944868118667678,0.8916229814123587,0.7266549556213018,0.2547451439212148,0.3894230769230769,0.16015319684975932,0.27403846153846156
KNYC,2026-06-19,1.075,0.024999999999999994,1.160975003210368,1.1511303229515562,0.6225028430637243,0.674916170903191,0.31318067980630543,0.4232558139534884,0.31318067980630543,0.31627906976744186
KNYC,2026-06-20,1.025,0.011666666666666672,1.198329654349767,0.5523253546727434,0.7360884694712098,0.32928019036287925,0.4534755420401175,0.575609756097561,0.30169773076213496,0.575609756097561
KNYC,2026-06-21,1.01,0.013333333333333336,0.7908139424356209,1.1035750780102387,0.40567122261410477,0.7081168512890892,0.4534755420401175,0.4900990099009901,0.4534755420401175,0.3316831683168317
KNYC,2026-06-22,1.085,0.011666666666666667,3.107244294845746,2.3353749158170363,1.1535593633208756,1.1081144216271315,0.31318067980630543,0.4470046082949309,0.044724031926295565,0.09677419354838711
KNYC,2026-06-23,1.02,0.010000000000000004,0.4277953654730349,0.0763729787845741,0.17135499598687548,0.007641291810841995,0.6519448115675965,0.926470588235294,0.6519448115675965,0.926470588235294
KNYC,2026-06-24,1.0499999999999998,0.010000000000000004,1.0872394353008603,0.6021754023542185,0.6156515116155703,0.3627664399092971,0.35409247610714345,0.5476190476190477,0.3371459233756525,0.5476190476190477
KNYC,2026-06-25,1.065,0.018333333333333344,1.2204552173310337,1.391000252157303,0.6414180349458933,0.8959421631510501,0.31318067980630543,0.5539906103286385,0.295095803619959,0.24882629107981225
KNYC,2026-06-26,1.04,0.01,2.778578579261496,3.7281001672672174,1.0703115539407206,1.2518028846153846,0.2669335467497432,0.35096153846153844,0.06212675290048077,0.02403846153846154
KNYC,2026-06-27,1.025,0.014999999999999994,1.7155231514348517,0.8803587226480917,0.8485301574807125,0.5265437239738251,0.33044697255692396,0.41463414634146345,0.17986959705700944,0.41463414634146345
KNYC,2026-06-28,1.04,0.013333333333333327,1.3207555401375306,0.7424182295667281,0.6606979662421958,0.4017196745562131,0.2669335467497432,0.47596153846153844,0.2669335467497432,0.47596153846153844
KNYC,2026-06-29,1.0599999999999998,0.01999999999999999,1.7175802567326461,1.4053425560905848,0.884007493832165,0.8970274118903525,0.31318067980630543,0.5471698113207548,0.17949996667065082,0.24528301886792458
KNYC,2026-06-30,1.0399999999999998,0.016666666666666673,1.433721952500469,0.993732657847634,0.7969955149437897,0.6317492603550297,0.3371459233756525,0.47115384615384626,0.2384198813126015,0.37019230769230776
KNYC,2026-07-01,1.065,0.018333333333333344,1.877221986205121,1.08462604669337,0.9255804571504431,0.6386739844387137,0.31318067980630543,0.4131455399061033,0.1530145925176841,0.3380281690140845
KNYC,2026-07-02,1.015,0.018333333333333326,1.877221986205121,1.036539860025732,0.9255804571504431,0.6415588827683274,0.31318067980630543,0.4482758620689655,0.1530145925176841,0.35467980295566504
KNYC,2026-07-03,1.065,0.011666666666666672,1.877221986205121,1.1565995463184588,0.9255804571504431,0.742357116092486,0.31318067980630543,0.5070422535211269,0.1530145925176841,0.3145539906103287
KNYC,2026-07-04,1.0399999999999998,0.010000000000000004,0.3692705082281165,0.1390410484354921,0.14621434974515726,0.025841346153846128,0.691238399482796,0.8701923076923078,0.691238399482796,0.8701923076923078
KNYC,2026-07-05,1.0550000000000002,0.011666666666666664,0.6611875444894445,0.4102157108667624,0.3053276556689832,0.18773163226342637,0.5162379148412146,0.6635071090047392,0.5162379148412146,0.6635071090047392
KNYC,2026-07-06,1.04,0.010000000000000004,0.4277953654730349,0.16138834712748887,0.17135499598687548,0.03693602071005918,0.6519448115675965,0.8509615384615384,0.6519448115675965,0.8509615384615384
KNYC,2026-07-07,1.03,0.010000000000000002,0.6542866855020427,0.10752034371125621,0.31571111831213955,0.01729663493260438,0.5198127203231924,0.8980582524271845,0.5198127203231924,0.8980582524271845
KNYC,2026-07-08,0.93,0.009999999999999997,0.7335790851818099,2.6607973162516645,0.36621361349680176,1.1878251821019772,0.48018727967680763,0.43548387096774194,0.48018727967680763,0.06989247311827956
KNYC,2026-07-09,1.06,0.01,1.327770480213756,1.279048830766293,0.6905718960487578,0.7863563545745815,0.2650675764019776,0.47641509433962265,0.2650675764019776,0.2783018867924528
KNYC,2026-07-10,1.045,0.011666666666666672,1.0381971680224018,0.6695054175029046,0.5817584061525884,0.356493670016712,0.35409247610714345,0.5119617224880384,0.35409247610714345,0.5119617224880384
KNYC,2026-07-11,1.03,0.009999999999999995,1.3207555401375306,0.7952766756363252,0.7359729680276584,0.4369403336789518,0.38501126481785336,0.4514563106796116,0.2669335467497432,0.4514563106796116
KNYC,2026-07-12,1.025,0.015000000000000005,1.2204552173310337,1.1333552371119824,0.6586725954364171,0.699535990481856,0.31318067980630543,0.4634146341463415,0.295095803619959,0.3219512195121952
KNYC,2026-07-13,1.05,0.01,1.160975003210368,0.6375773294051346,0.6052482825732004,0.3194104308390023,0.31318067980630543,0.5285714285714286,0.31318067980630543,0.5285714285714286
KNYC,2026-07-14,1.035,0.011666666666666672,3.107244294845746,3.386808644210056,1.1535593633208756,1.287964713295526,0.31318067980630543,0.463768115942029,0.044724031926295565,0.03381642512077295
KNYC,2026-07-15,1.0599999999999998,0.009999999999999997,2.1569915371907062,0.7414657578307529,1.0036541909676528,0.4342737629049484,0.3371459233756525,0.4764150943396227,0.11567259479454196,0.4764150943396227
KNYC,2026-07-16,1.0550000000000002,0.011666666666666664,3.5276031291698406,1.4600378353654402,1.1746153006444622,0.7997124952269717,0.3371459233756525,0.3317535545023696,0.029375240210578864,0.23222748815165872
KNYC,2026-07-17,1.0350000000000001,0.015000000000000005,1.877221986205121,1.0019854529790382,0.9369782421380985,0.5329412588391794,0.31318067980630543,0.36714975845410625,0.1530145925176841,0.36714975845410625
KNYC,2026-07-18,1.08,0.013333333333333327,1.7657398255307581,1.5251308059741067,0.8557773924169534,0.88215877914952,0.2669335467497432,0.4212962962962962,0.17106018496706302,0.21759259259259256
KNYC,2026-07-19,1.04,0.01333333333333333,1.327770480213756,1.1786549963416462,0.6905718960487578,0.6935096153846153,0.2650675764019776,0.38461538461538464,0.2650675764019776,0.3076923076923077
KNYC,2026-07-20,1.045,0.011666666666666659,1.4053271043437747,0.8425245816345459,0.700196248637119,0.48675625558022945,0.2547451439212148,0.430622009569378,0.24528680894831056,0.430622009569378
KNYC,2026-07-21,1.025,0.011666666666666652,1.2204552173310337,2.1875157632092583,0.6586725954364171,1.184152290303391,0.31318067980630543,0.551219512195122,0.295095803619959,0.11219512195121951
KNYC,2026-07-22,1.045,0.015000000000000005,1.2204552173310337,0.8425245816345459,0.7915478259924047,0.4657402531993315,0.5254042297093902,0.430622009569378,0.295095803619959,0.430622009569378
KNYC,2026-07-23,1.0499999999999998,0.009999999999999995,1.160975003210368,0.7932306391169277,0.6225028430637243,0.45927437641723357,0.31318067980630543,0.45238095238095244,0.31318067980630543,0.45238095238095244
KNYC,2026-07-24,1.05,0.010000000000000004,1.2204552173310337,1.1727202608218315,0.6586725954364171,0.7700226757369615,0.31318067980630543,0.5285714285714286,0.295095803619959,0.30952380952380953
KNYC,2026-07-25,1.03,0.013333333333333338,0.9209206010699634,0.7739992771890404,0.5180637785231952,0.44726175888396646,0.3981523328507861,0.4611650485436893,0.3981523328507861,0.4611650485436893
KNYC,2026-07-26,1.065,0.011666666666666672,1.5463641175551819,3.7518542532753245,0.8089572062935677,1.3857920606581586,0.3371459233756525,0.5023474178403756,0.21302108713158452,0.02347417840375587
KNYC,2026-07-27,1.0050000000000001,0.011666666666666667,1.2204552173310337,1.0128454669106848,0.6586725954364171,0.6307764659290611,0.31318067980630543,0.45273631840796014,0.295095803619959,0.36318407960199
KNYC,2026-07-28,1.055,0.011666666666666672,1.2204552173310337,0.8745213189978599,0.6586725954364171,0.4655331192021742,0.31318067980630543,0.4170616113744076,0.295095803619959,0.4170616113744076
KNYC,2026-07-29,1.07,0.009999999999999997,1.9397340578299767,0.9715268603494127,0.9225800870393829,0.5231461262992402,0.3027123358658793,0.37850467289719625,0.14374217180014626,0.37850467289719625
KNYC,2026-07-30,1.06,0.010000000000000005,1.327770480213756,1.4247606419476866,0.6905718960487578,0.8684140263438945,0.2650675764019776,0.49528301886792453,0.2650675764019776,0.24056603773584906
KNYC,2026-07-31,1.03,0.01,1.4053271043437747,0.6550473343276749,0.730133430956092,0.3341973795833726,0.2650675764019776,0.5194174757281553,0.24528680894831056,0.5194174757281553
KNYC,2026-08-01,1.025,0.011666666666666664,1.6148636574870407,1.2976582884032586,0.8000621832644135,0.7853896490184414,0.2669335467497432,0.4829268292682927,0.19891778954333295,0.27317073170731715
KNYC,2026-08-02,1.0550000000000002,0.011666666666666672,1.2204552173310337,0.7979812418755258,0.6586725954364171,0.4468003863345389,0.31318067980630543,0.4502369668246445,0.295095803619959,0.4502369668246445
KNYC,2026-08-03,0.94,0.013333333333333336,1.3207555401375306,0.7366322924996841,0.7359729680276584,0.38976912630149385,0.38501126481785336,0.4787234042553192,0.2669335467497432,0.4787234042553192
KNYC,2026-08-04,0.94,0.013333333333333341,1.0872394353008603,0.7478055930978093,0.5607075338054316,0.4042553191489362,0.3371459233756525,0.473404255319149,0.3371459233756525,0.473404255319149
