station,date,xnd,settled_high,our_mean,our_sd,mkt_mean,mkt_sd,truth_centre,our_loc_err,mkt_loc_err,our_tail_p,mkt_tail_p,tail_settled,our_modal,mkt_modal,true_leg
KAUS,2026-05-24,3.0,89,85.23464797447265,2.8456718250940254,87.97087378640778,2.0613470507611718,89.0,-3.765352025527349,-1.029126213592221,0.2583443774068527,0.7572815533980584,1.0,3,0,0
KAUS,2026-05-25,2.0,89,90.3697370170328,2.3436897873647364,89.53960396039604,1.7564353645059887,89.5,0.8697370170328043,0.039603960396036086,0.08602087275552465,0.029702970297029705,0.0,4,4,4
KAUS,2026-05-26,1.0,88,88.34962284823582,1.624867858014754,89.24365482233502,1.8133802865349278,87.5,0.8496228482358248,1.7436548223350172,0.08734888773248599,0.05583756345177666,0.0,5,4,5
KAUS,2026-05-27,6.0,77,83.68625082867743,3.918899097241343,84.24889867841411,2.476486092952787,79.0,4.68625082867743,5.248898678414108,0.4446246387900422,0.09691629955947137,1.0,1,4,1
KAUS,2026-05-28,5.0,90,88.60598209809802,3.6669776436131105,90.13366336633662,1.9054261874931568,90.5,-1.8940179019019752,-0.36633663366338,0.3781790380796872,0.04950495049504951,0.0,1,3,3
KAUS,2026-05-29,5.0,91,92.39522219737556,3.7081026897999623,92.48029556650248,1.684354522939236,91.5,0.8952221973755599,0.9802955665024768,0.36086853169219896,0.01970443349753695,0.0,1,3,4
KAUS,2026-05-30,5.0,89,92.60598209809802,3.6669776436131105,90.72388059701493,1.903028972276832,88.0,4.605982098098025,2.723880597014926,0.3781790380796872,0.2388059701492537,1.0,1,5,1
KAUS,2026-05-31,5.0,90,92.39522219737556,3.7081026897999623,91.85714285714286,1.8377189350805911,89.5,2.89522219737556,2.357142857142861,0.36086853169219896,0.03809523809523809,0.0,1,4,5
KAUS,2026-06-01,5.0,92,93.84287960889654,3.5617699171418153,92.82608695652172,1.8865646646708023,92.5,1.3428796088965385,0.3260869565217206,0.42099023148191206,0.2077294685990338,0.0,1,5,5
KAUS,2026-06-02,4.0,94,92.52087458060346,3.338327847683921,92.25471698113206,1.6176288304514936,94.5,-1.9791254193965386,-2.245283018867937,0.299560811392752,0.02830188679245283,0.0,4,4,3
KAUS,2026-06-03,4.0,89,89.38527547464274,3.3784876022520947,89.0399061032864,2.5174608995682077,88.5,0.8852754746427394,0.5399061032863983,0.2767002896184971,0.11267605633802819,0.0,4,4,4
KAUS,2026-06-04,2.0,87,87.36973701703282,2.3436897873647364,86.69230769230771,2.085405281324646,86.5,0.8697370170328185,0.1923076923077076,0.08602087275552465,0.06666666666666668,0.0,4,4,4
KAUS,2026-06-05,2.0,87,85.38303218240088,2.330591321331995,85.80045871559632,1.913939635201351,87.5,-2.116967817599118,-1.6995412844036792,0.11338292117968253,0.04128440366972477,0.0,4,4,3
KAUS,2026-06-06,3.0,92,87.37606085302104,2.935580468338567,88.863184079602,1.609189348445212,93.0,-5.623939146978955,-4.136815920398007,0.18120508693444026,0.019900497512437814,1.0,4,3,0
KAUS,2026-06-07,3.0,91,89.44050043325414,2.9040167780209862,91.56603773584905,2.1241818310601834,91.5,-2.059499566745856,0.0660377358490507,0.209222901325555,0.0660377358490566,0.0,4,3,3
KAUS,2026-06-08,2.0,89,90.38303218240088,2.330591321331995,90.91216216216216,2.030218958326534,88.5,1.883032182400882,2.4121621621621614,0.11338292117968253,0.04954954954954955,0.0,4,4,5
KAUS,2026-06-09,2.0,93,91.40377647964611,2.2882294325236416,93.03381642512076,1.900627006921758,92.5,-1.0962235203538881,0.5338164251207616,0.19308140771271134,0.05314009661835748,0.0,5,4,4
KAUS,2026-06-10,2.0,91,92.40377647964611,2.2882294325236416,92.82682926829267,1.677109067565142,91.5,0.9037764796461119,1.32682926829267,0.19308140771271134,0.06829268292682927,0.0,5,4,5
KAUS,2026-06-11,2.0,93,93.40377647964611,2.2882294325236416,93.69587628865979,1.9171723984331874,92.5,0.9037764796461119,1.1958762886597896,0.19308140771271134,0.09278350515463918,0.0,5,4,5
KAUS,2026-06-12,2.0,95,92.45546089428359,2.1854428792108305,93.17772511848341,1.875996175251601,94.5,-2.04453910571641,-1.3222748815165914,0.3373988368364755,0.14218009478672983,0.0,5,5,4
KAUS,2026-06-13,2.0,94,92.40377647964611,2.2882294325236416,93.76811594202897,1.9385107651383948,93.5,-1.0962235203538881,0.26811594202897027,0.19308140771271134,0.05314009661835749,0.0,5,4,4
KAUS,2026-06-14,3.0,92,91.52874128528092,2.8164851307451575,92.17857142857142,1.9952111033519175,92.5,-0.9712587147190845,-0.3214285714285836,0.2816867025020879,0.09183673469387756,0.0,5,4,4
KAUS,2026-06-15,3.0,84,83.67124320666849,2.6602281463511255,83.08293838862558,2.3555908871201847,83.5,0.17124320666849258,-0.41706161137442166,0.39442785523777163,0.48341232227488146,0.0,1,1,5
KAUS,2026-06-16,3.0,91,85.52874128528093,2.8164851307451575,86.45852534562212,2.3502394506015873,90.5,-4.97125871471907,-4.041474654377879,0.2816867025020879,0.09216589861751151,0.0,5,4,2
KAUS,2026-06-17,2.0,90,91.38303218240087,2.330591321331995,92.93718592964825,2.1530215114454263,89.5,1.8830321824008678,3.437185929648251,0.11338292117968253,0.07035175879396985,0.0,4,3,5
KAUS,2026-06-18,1.0,97,96.34962284823581,1.624867858014754,97.23232323232321,1.957648985923299,97.5,-1.1503771517641894,-0.2676767676767895,0.08734888773248599,0.0606060606060606,0.0,4,3,3
KAUS,2026-06-19,2.0,88,93.40377647964611,2.2882294325236416,92.06410256410257,1.9999342526997306,90.0,3.403776479646112,2.064102564102569,0.19308140771271134,0.3897435897435897,1.0,5,5,1
KAUS,2026-06-20,4.0,90,90.68472788000767,3.2333808030784392,90.31400966183574,2.205164526578148,89.5,1.1847278800076708,0.8140096618357404,0.35655619191143284,0.18840579710144922,0.0,1,5,5
KAUS,2026-06-21,2.0,93,91.59928644907731,1.9794863136025949,91.37864077669903,1.9118511583125775,92.5,-0.9007135509226885,-1.1213592233009706,0.5304088342806875,0.5825242718446602,0.0,1,1,5
KAUS,2026-06-22,2.0,94,94.40377647964611,2.2882294325236416,94.83168316831684,1.6392119993538377,93.5,0.9037764796461119,1.331683168316843,0.19308140771271134,0.0594059405940594,0.0,5,4,5
KAUS,2026-06-23,2.0,94,95.38303218240088,2.330591321331995,94.73750000000001,1.816547205552336,93.5,1.883032182400882,1.2375000000000114,0.11338292117968253,0.08500000000000002,0.0,4,4,5
KAUS,2026-06-24,2.0,93,95.38303218240088,2.330591321331995,95.1425120772947,1.669629097230252,93.5,1.883032182400882,1.6425120772946968,0.11338292117968253,0.028985507246376815,0.0,4,4,5
KAUS,2026-06-25,2.0,93,95.38303218240088,2.330591321331995,94.3076923076923,1.8131566347804926,93.5,1.883032182400882,0.8076923076923066,0.11338292117968253,0.10576923076923077,0.0,4,5,5
KAUS,2026-06-26,2.0,95,96.38303218240088,2.330591321331995,95.07070707070706,1.8139611505229571,94.5,1.883032182400882,0.5707070707070585,0.11338292117968253,0.1212121212121212,0.0,3,4,4
KAUS,2026-06-27,2.0,95,96.38303218240088,2.330591321331995,95.68750000000003,1.6389013381390127,94.5,1.883032182400882,1.1875000000000284,0.11338292117968253,0.03846153846153848,0.0,3,4,4
KAUS,2026-06-28,2.0,95,97.3697370170328,2.3436897873647364,95.80975609756098,1.5804915688000951,94.5,2.8697370170328043,1.309756097560978,0.08602087275552465,0.03414634146341464,0.0,3,3,4
KAUS,2026-06-29,2.0,97,98.38303218240088,2.330591321331995,96.75943396226415,1.900510274174489,96.5,1.883032182400882,0.25943396226415416,0.11338292117968253,0.1886792452830189,0.0,2,3,3
KAUS,2026-06-30,2.0,96,95.38303218240088,2.330591321331995,94.9,1.357343343587374,95.5,-0.116967817599118,-0.5999999999999943,0.11338292117968253,0.009523809523809523,0.0,4,4,4
KAUS,2026-07-01,3.0,96,96.37606085302104,2.935580468338567,95.92364532019704,1.290485268758245,95.5,0.8760608530210447,0.42364532019703915,0.18120508693444026,0.009852216748768471,0.0,4,4,4
KAUS,2026-07-02,2.0,96,95.38303218240088,2.330591321331995,96.05072463768116,1.380011536926409,95.5,-0.116967817599118,0.5507246376811565,0.11338292117968253,0.01932367149758454,0.0,4,4,4
KAUS,2026-07-03,2.0,98,97.3697370170328,2.3436897873647364,96.56971153846155,1.5822622295131068,98.5,-1.1302629829671957,-1.9302884615384528,0.08602087275552465,0.03365384615384616,0.0,3,3,2
KAUS,2026-07-04,2.0,97,97.3830321824009,2.330591321331995,98.47441860465118,1.3886739572894233,97.5,-0.1169678175991038,0.9744186046511771,0.11338292117968253,0.013953488372093023,0.0,3,2,3
KAUS,2026-07-05,3.0,96,98.31415098145352,2.9173541902391413,97.86792452830187,1.588285367746729,96.5,1.8141509814535226,1.3679245283018702,0.19751063265686764,0.028301886792452827,0.0,2,2,3
KAUS,2026-07-06,3.0,98,98.31415098145352,2.9173541902391413,95.68075117370893,2.246845550698981,98.5,-0.1858490185464774,-2.819248826291073,0.19751063265686764,0.19248826291079812,0.0,2,3,2
KAUS,2026-07-07,3.0,98,97.37606085302104,2.935580468338567,97.23737373737372,1.971826096097135,98.5,-1.1239391469789553,-1.2626262626262843,0.18120508693444026,0.0707070707070707,0.0,3,2,2
KAUS,2026-07-08,2.0,99,97.3830321824009,2.330591321331995,98.56103286384977,1.5799604392295068,99.5,-2.116967817599104,-0.9389671361502252,0.11338292117968253,0.028169014084507046,0.0,3,2,2
KAUS,2026-07-09,2.0,98,97.3697370170328,2.3436897873647364,98.34313725490196,1.6367117802928306,98.5,-1.1302629829671957,-0.15686274509803866,0.08602087275552465,0.029411764705882353,0.0,3,2,2
KAUS,2026-07-10,2.0,95,95.38303218240088,2.330591321331995,93.90669856459331,2.0663985521003303,95.5,-0.116967817599118,-1.593301435406687,0.11338292117968253,0.2488038277511962,0.0,4,4,4
KAUS,2026-07-11,3.0,90,94.37606085302104,2.935580468338567,91.58536585365854,2.1665484493138556,89.0,5.376060853021045,2.585365853658544,0.18120508693444026,0.30731707317073176,1.0,4,5,1
KAUS,2026-07-12,3.0,96,93.37606085302103,2.9355804683385673,93.55418719211823,1.9875275390931548,96.5,-3.1239391469789695,-2.945812807881765,0.18120508693444026,0.02955665024630542,0.0,4,3,2
KAUS,2026-07-13,3.0,94,91.44050043325414,2.9040167780209862,91.46019900497514,2.2462590149818142,93.5,-2.059499566745856,-2.039800995024862,0.209222901325555,0.08955223880597016,0.0,4,4,3
KAUS,2026-07-14,3.0,80,86.52874128528093,2.8164851307451575,84.49532710280376,2.2412814749631744,83.0,3.5287412852809297,1.4953271028037562,0.2816867025020879,0.6168224299065421,1.0,5,1,1
KAUS,2026-07-15,3.0,80,85.37606085302104,2.935580468338567,81.62771739130434,2.2199057966993285,80.0,5.376060853021045,1.6277173913043441,0.18120508693444026,0.5815217391304347,1.0,4,1,1
KAUS,2026-07-16,3.0,90,87.37606085302104,2.935580468338567,87.57075471698113,2.570642199372509,90.5,-3.1239391469789553,-2.929245283018872,0.18120508693444026,0.11320754716981132,0.0,4,3,2
KAUS,2026-07-17,2.0,94,91.3697370170328,2.3436897873647364,92.08878504672896,1.943492717879153,94.5,-3.1302629829671957,-2.411214953271042,0.08602087275552465,0.04672897196261682,0.0,4,3,2
KAUS,2026-07-18,2.0,95,93.36973701703282,2.3436897873647364,94.95854922279793,2.3170559238639163,94.5,-1.1302629829671815,0.4585492227979273,0.08602087275552465,0.1398963730569948,0.0,4,3,3
KAUS,2026-07-19,3.0,95,95.44050043325416,2.9040167780209862,95.30952380952381,1.8124975564922148,95.5,-0.059499566745842,-0.1904761904761898,0.209222901325555,0.06666666666666667,0.0,4,4,4
KAUS,2026-07-20,3.0,97,96.37606085302104,2.935580468338567,97.30000000000003,1.771601374060042,97.5,-1.1239391469789553,-0.19999999999997442,0.18120508693444026,0.028571428571428574,0.0,4,3,3
KAUS,2026-07-21,2.0,101,99.35716851471945,2.3361685629398794,100.1826923076923,1.92348553351283,101.5,-2.142831485280553,-1.3173076923076934,0.10169466867821979,0.08653846153846155,0.0,2,2,5
KAUS,2026-07-22,2.0,104,103.35716851471945,2.3361685629398794,103.52941176470588,1.7244517617428934,103.5,-0.14283148528055278,0.029411764705884025,0.10169466867821979,0.0481283422459893,0.0,4,4,4
KAUS,2026-07-23,2.0,100,99.38303218240087,2.330591321331995,99.94642857142857,1.6973681608506115,99.5,-0.11696781759913222,0.4464285714285694,0.11338292117968253,0.03571428571428571,0.0,2,2,2
KAUS,2026-07-24,2.0,96,96.36973701703282,2.3436897873647364,96.13725490196079,1.9736708890193029,95.5,0.8697370170328185,0.6372549019607874,0.08602087275552465,0.06862745098039216,0.0,4,4,4
KAUS,2026-07-25,2.0,97,96.40377647964611,2.288229432523642,96.70370370370371,1.8665389800538204,97.5,-1.0962235203538881,-0.7962962962962905,0.19308140771271134,0.06481481481481481,0.0,4,4,3
KAUS,2026-07-26,2.0,97,97.40377647964613,2.2882294325236416,97.53980099502486,1.4823700131611566,96.5,0.9037764796461261,1.0398009950248621,0.19308140771271134,0.01990049751243781,0.0,3,3,3
KAUS,2026-07-27,2.0,98,98.38303218240088,2.330591321331995,98.37864077669902,1.7694357877247058,98.5,-0.116967817599118,-0.12135922330098481,0.11338292117968253,0.038834951456310676,0.0,2,2,2
KAUS,2026-07-28,2.0,99,99.38303218240087,2.330591321331995,98.91826923076923,1.4084405194205263,99.5,-0.11696781759913222,-0.5817307692307736,0.11338292117968253,0.019230769230769232,0.0,2,2,2
KAUS,2026-07-29,2.0,99,99.3697370170328,2.3436897873647364,98.77317073170732,1.6765272455277982,98.5,0.8697370170328043,0.2731707317073244,0.08602087275552465,0.02926829268292683,0.0,2,2,2
KAUS,2026-07-30,2.0,101,100.38303218240088,2.330591321331995,99.77570093457945,1.6684729781402436,100.5,-0.116967817599118,-0.7242990654205528,0.11338292117968253,0.03738317757009346,0.0,5,2,5
KAUS,2026-07-31,2.0,100,99.40377647964613,2.288229432523642,100.24882629107984,1.5040043679588486,100.5,-1.096223520353874,-0.2511737089201631,0.19308140771271134,0.023474178403755867,0.0,2,5,5
KAUS,2026-08-01,4.0,96,99.38527547464274,3.3784876022520947,99.48139534883721,2.0333562373291465,96.5,2.8852754746427394,2.9813953488372107,0.2767002896184971,0.037209302325581395,0.0,2,5,3
KAUS,2026-08-02,2.0,100,99.4554608942836,2.1854428792108305,99.77488151658767,1.9047917526681943,99.5,-0.044539105716395966,0.27488151658766924,0.3373988368364755,0.21800947867298578,0.0,2,2,2
KAUS,2026-08-03,3.0,102,99.9101844677455,2.4267336091842533,101.36729857819907,1.5320963555222673,102.5,-2.589815532254505,-1.132701421800931,0.5319860445379401,0.07582938388625593,0.0,1,5,4
KAUS,2026-08-04,2.0,101,100.3697370170328,2.3436897873647364,99.9009433962264,1.6667104242505495,101.5,-1.1302629829671957,-1.5990566037736045,0.08602087275552465,0.018867924528301886,0.0,2,2,5
KDEN,2026-05-24,2.0,82,81.40320861473249,2.718833101870518,81.97857142857143,2.0126428626353476,81.5,-0.09679138526750819,0.47857142857142776,0.17426757281549024,0.052380952380952375,0.0,4,4,4
KDEN,2026-05-25,2.0,85,84.33976723821998,2.731785658680299,84.60798122065728,1.930137108565943,84.5,-0.16023276178002277,0.10798122065727966,0.16122401829538277,0.03755868544600939,0.0,3,3,3
KDEN,2026-05-26,2.0,80,79.40320861473249,2.718833101870518,77.93095238095238,2.203621272364682,79.5,-0.09679138526750819,-1.5690476190476232,0.17426757281549024,0.24285714285714283,0.0,4,5,4
KDEN,2026-05-27,4.0,70,73.62167190151565,3.7436738960390197,70.77803738317758,2.359814240769588,69.0,4.621671901515654,1.7780373831775762,0.39743823309040094,0.5467289719626167,1.0,1,1,1
KDEN,2026-05-28,3.0,77,78.50712330865528,3.3237444169139327,76.11165048543688,2.08488787949678,76.5,2.007123308655281,-0.3883495145631173,0.29567340920932095,0.39805825242718446,0.0,4,1,5
KDEN,2026-05-29,4.0,83,81.62167190151565,3.7436738960390197,81.37,2.745104733885394,83.5,-1.8783280984843458,-2.1299999999999955,0.39743823309040094,0.17,0.0,1,4,3
KDEN,2026-05-30,3.0,77,75.50712330865528,3.3237444169139327,77.06038647342996,2.1047394976703764,77.5,-1.9928766913447191,-0.43961352657004227,0.29567340920932095,0.05797101449275363,0.0,4,3,3
KDEN,2026-05-31,2.0,81,80.46034949616865,2.6322454109582405,81.54411764705883,1.7762084276109131,81.5,-1.0396505038313535,0.04411764705882604,0.25384500688621553,0.0392156862745098,0.0,5,4,4
KDEN,2026-06-01,3.0,79,80.38223309602023,3.3696452071652234,79.2048780487805,1.9604567933995478,79.5,0.8822330960202294,-0.2951219512194996,0.27255604804801103,0.0731707317073171,0.0,4,4,4
KDEN,2026-06-02,4.0,74,81.62167190151565,3.7436738960390197,78.3232323232323,2.098355695013024,77.0,4.621671901515654,1.323232323232304,0.39743823309040094,0.6464646464646464,1.0,1,1,1
KDEN,2026-06-03,3.0,78,84.38223309602022,3.3696452071652234,82.67602040816325,2.5676334056297745,79.0,5.382233096020215,3.6760204081632537,0.27255604804801103,0.22959183673469385,1.0,4,4,1
KDEN,2026-06-04,1.0,88,88.35808452512444,1.8703016943672024,88.47783251231526,1.9822491160686064,88.5,-0.14191547487556022,-0.022167487684740195,0.05421833011122885,0.07389162561576354,0.0,4,4,4
KDEN,2026-06-05,3.0,86,87.87788608707724,3.0153963964774424,87.35514018691589,1.8298017687875123,85.0,2.8778860870772434,2.3551401869158894,0.43674530904974246,0.2803738317757009,1.0,1,5,1
KDEN,2026-06-06,2.0,91,93.37022056395887,2.748952880725243,92.57075471698113,1.5884884818019214,90.5,2.870220563958867,2.070754716981128,0.14337939442806202,0.03773584905660377,0.0,4,4,5
KDEN,2026-06-07,1.0,91,92.35808452512443,1.8703016943672022,92.04228855721394,1.838491902062303,90.5,1.8580845251244256,1.5422885572139364,0.05421833011122885,0.06965174129353235,0.0,4,4,5
KDEN,2026-06-08,3.0,83,86.50712330865528,3.3237444169139327,83.76168224299064,2.2022140456297157,82.0,4.507123308655281,1.761682242990645,0.29567340920932095,0.5327102803738316,1.0,4,1,1
KDEN,2026-06-09,2.0,88,93.33976723821998,2.731785658680299,91.4718309859155,1.7911244218196944,87.0,6.339767238219977,4.471830985915503,0.16122401829538277,0.028169014084507046,1.0,3,4,1
KDEN,2026-06-10,3.0,86,88.5071233086553,3.3237444169139327,88.69897959183673,1.8073543014616913,86.5,2.007123308655295,2.198979591836732,0.29567340920932095,0.04081632653061225,0.0,4,4,5
KDEN,2026-06-11,2.0,77,76.57446060685453,2.470832945038757,77.77488151658767,2.1677918877111186,76.5,0.07446060685452949,1.2748815165876692,0.37701209935025826,0.12322274881516586,0.0,1,4,5
KDEN,2026-06-12,1.0,90,90.39944512124131,1.8506193825836468,89.70370370370372,2.044116486041048,90.5,-0.10055487875868607,-0.7962962962962763,0.24134516721762614,0.17592592592592593,0.0,2,2,2
KDEN,2026-06-13,3.0,79,79.38223309602022,3.3696452071652234,79.00735294117648,2.7055126825488225,78.5,0.8822330960202152,0.5073529411764781,0.27255604804801103,0.1519607843137255,0.0,4,4,4
KDEN,2026-06-14,5.0,74,69.42088067943561,2.874642243873105,69.60280373831776,2.2848938274245585,71.0,-1.5791193205643879,-1.3971962616822395,0.736116428837836,0.6635514018691588,1.0,0,0,0
KDEN,2026-06-15,2.0,81,79.33976723821996,2.7317856586802987,80.52790697674418,1.871242042613501,81.5,-2.160232761780037,-0.9720930232558231,0.16122401829538277,0.11162790697674416,0.0,3,2,2
KDEN,2026-06-16,2.0,93,90.33976723821998,2.731785658680299,90.33009708737865,1.7138122469391173,92.5,-2.1602327617800228,-2.169902912621353,0.16122401829538277,0.019417475728155338,0.0,3,3,2
KDEN,2026-06-17,3.0,91,93.66296513863196,3.205190660182236,93.85427135678393,2.198416366235095,90.0,3.662965138631961,3.8542713567839257,0.35271417707930985,0.135678391959799,1.0,1,4,1
KDEN,2026-06-18,2.0,88,88.01206667536538,2.297088817015003,87.20876288659794,2.175656202815463,87.5,0.5120666753653751,-0.2912371134020617,0.4853913831595508,0.26288659793814434,0.0,0,2,2
KDEN,2026-06-19,3.0,83,86.66296513863196,3.205190660182236,85.64778325123152,2.12893102348894,83.0,3.662965138631961,2.647783251231516,0.35271417707930985,0.2857142857142857,1.0,1,5,1
KDEN,2026-06-20,3.0,90,93.26095425496693,3.34311292892189,91.46046511627907,2.6736561097061777,89.5,3.760954254966933,1.9604651162790674,0.28599186554953504,0.17209302325581396,0.0,3,4,5
KDEN,2026-06-21,2.0,90,88.40320861473249,2.718833101870518,88.84020618556701,1.9994153678407134,90.5,-2.096791385267508,-1.6597938144329873,0.17426757281549024,0.041237113402061855,0.0,4,4,3
KDEN,2026-06-22,2.0,89,88.33976723821996,2.7317856586802987,88.15326633165827,2.1513994240566454,88.5,-0.16023276178003698,-0.34673366834172725,0.16122401829538277,0.06030150753768844,0.0,3,3,3
KDEN,2026-06-23,4.0,82,84.39584444204775,3.788884070551895,82.33519553072625,2.423567097427718,81.5,2.8958444420477463,0.8351955307262529,0.3820251569417432,0.2290502793296089,0.0,1,5,5
KDEN,2026-06-24,4.0,91,87.93052959966131,3.666271416674602,86.17539267015707,2.7589685696512087,92.0,-4.0694704003386875,-5.824607329842934,0.42329202562080753,0.14659685863874344,1.0,0,4,0
KDEN,2026-06-25,5.0,76,77.72479740810253,4.04098506104918,74.73113207547169,2.2388871564992288,75.5,2.224797408102532,-0.7688679245283083,0.47855185557210006,0.5660377358490566,0.0,1,1,5
KDEN,2026-06-26,4.0,89,86.39584444204775,3.788884070551895,87.03535353535354,2.218781772004726,89.5,-3.1041555579522537,-2.4646464646464636,0.3820251569417432,0.07070707070707072,0.0,1,3,2
KDEN,2026-06-27,3.0,97,92.50712330865528,3.3237444169139327,94.12436548223351,1.8643095177834241,96.5,-3.992876691344719,-2.3756345177664855,0.29567340920932095,0.050761421319796954,0.0,4,3,2
KDEN,2026-06-28,3.0,94,94.26095425496695,3.34311292892189,94.62616822429908,1.8815303201203963,94.5,-0.23904574503305298,0.1261682242990787,0.28599186554953504,0.05607476635514019,0.0,3,3,3
KDEN,2026-06-29,3.0,88,89.5071233086553,3.3237444169139327,88.5995024875622,2.1945318183464795,87.5,2.007123308655295,1.099502487562205,0.29567340920932095,0.17910447761194032,0.0,4,4,5
KDEN,2026-06-30,3.0,92,90.66296513863196,3.205190660182236,90.30288461538461,1.923936106146081,91.5,-0.8370348613680392,-1.1971153846153868,0.35271417707930985,0.11538461538461536,0.0,1,5,4
KDEN,2026-07-01,2.0,89,89.37022056395888,2.7489528807252426,89.90366972477065,2.1841558991600634,88.5,0.8702205639588811,1.4036697247706513,0.14337939442806202,0.06422018348623855,0.0,4,3,4
KDEN,2026-07-02,2.0,90,91.40320861473249,2.718833101870518,91.55263157894738,1.8449738430370248,89.5,1.9032086147324918,2.052631578947384,0.17426757281549024,0.038277511961722493,0.0,4,4,5
KDEN,2026-07-03,2.0,90,92.33976723821998,2.731785658680299,91.72842639593908,1.812563056396916,90.5,1.8397672382199772,1.2284263959390813,0.16122401829538277,0.05076142131979696,0.0,3,3,4
KDEN,2026-07-04,2.0,91,90.29169444911173,2.6618943721085015,89.02849740932642,1.8282374425567223,91.5,-1.2083055508882694,-2.4715025906735804,0.2279293730246727,0.04145077720207253,0.0,3,3,2
KDEN,2026-07-05,2.0,95,92.29169444911172,2.6618943721085015,94.0566037735849,2.267303230126983,96.0,-3.7083055508882836,-1.9433962264151035,0.2279293730246727,0.4811320754716982,1.0,3,0,0
KDEN,2026-07-06,1.0,97,96.37248775958075,1.8686818192361996,96.82512315270937,1.7235572561929247,96.5,-0.12751224041925013,0.32512315270936654,0.04410614646989904,0.049261083743842374,0.0,3,3,3
KDEN,2026-07-07,2.0,97,96.01206667536538,2.297088817015003,95.622009569378,2.256451416521911,98.0,-1.987933324634625,-2.377990430622006,0.4853913831595508,0.368421052631579,1.0,0,2,0
KDEN,2026-07-08,2.0,94,91.29169444911172,2.6618943721085015,93.12857142857145,2.1519963836805465,95.0,-3.7083055508882836,-1.8714285714285523,0.2279293730246727,0.48571428571428577,1.0,3,0,0
KDEN,2026-07-09,3.0,91,89.11611000141487,3.2439635213141114,90.06650246305419,2.5025624471165693,90.5,-1.3838899985851327,-0.43349753694580784,0.33446731609276714,0.3054187192118227,0.0,0,2,2
KDEN,2026-07-10,2.0,89,89.2916944491117,2.6618943721085015,90.02941176470588,2.267982096762261,88.5,0.7916944491117022,1.529411764705884,0.2279293730246727,0.24509803921568626,0.0,3,2,3
KDEN,2026-07-11,2.0,94,96.29169444911172,2.6618943721085015,96.12376237623764,1.5872417394885228,93.5,2.7916944491117164,2.623762376237636,0.2279293730246727,0.029702970297029705,0.0,3,3,4
KDEN,2026-07-12,2.0,95,95.37022056395887,2.748952880725243,95.11238532110093,1.8380491248801278,94.5,0.8702205639588669,0.6123853211009305,0.14337939442806202,0.04128440366972478,0.0,4,4,4
KDEN,2026-07-13,2.0,97,97.33976723821996,2.7317856586802987,96.87383177570092,1.582015539734761,97.5,-0.16023276178003698,-0.6261682242990787,0.16122401829538277,0.028037383177570097,0.0,3,3,3
KDEN,2026-07-14,2.0,95,94.46034949616865,2.6322454109582405,94.68372093023257,1.9765991738875863,95.5,-1.0396505038313535,-0.8162790697674325,0.25384500688621553,0.09767441860465118,0.0,5,5,4
KDEN,2026-07-15,2.0,94,93.33976723821998,2.731785658680299,93.33177570093459,1.9218905281067333,93.5,-0.16023276178002277,-0.16822429906541458,0.16122401829538277,0.046728971962616835,0.0,3,3,3
KDEN,2026-07-16,2.0,93,92.37022056395888,2.7489528807252426,92.7233009708738,1.8943300111041717,93.5,-1.1297794360411189,-0.7766990291262061,0.14337939442806202,0.02912621359223301,0.0,4,3,3
KDEN,2026-07-17,2.0,92,92.40320861473249,2.718833101870518,93.0373831775701,1.857292943365159,92.5,-0.09679138526750819,0.5373831775701063,0.17426757281549024,0.03738317757009346,0.0,4,4,4
KDEN,2026-07-18,2.0,94,93.40320861473248,2.718833101870518,93.76368159203979,1.803844533932032,93.5,-0.0967913852675224,0.2636815920397879,0.17426757281549024,0.03980099502487562,0.0,4,4,4
KDEN,2026-07-19,2.0,98,97.33976723821996,2.7317856586802987,97.36274509803921,1.7610392190702118,97.5,-0.16023276178003698,-0.13725490196078738,0.16122401829538277,0.04901960784313726,0.0,3,3,3
KDEN,2026-07-20,2.0,100,99.33976723821998,2.731785658680299,99.85960591133005,1.840631676313007,99.5,-0.16023276178002277,0.3596059113300498,0.16122401829538277,0.07881773399014778,0.0,2,2,2
KDEN,2026-07-21,3.0,96,94.11611000141488,3.2439635213141114,93.81666666666668,2.2579928578345294,95.5,-1.3838899985851185,-1.683333333333323,0.33446731609276714,0.10952380952380952,0.0,0,3,2
KDEN,2026-07-22,3.0,95,94.64408877393274,2.8347980660264063,95.33333333333336,2.3064781095517186,94.5,0.14408877393273656,0.833333333333357,0.5092798875105432,0.5523809523809524,0.0,0,0,2
KDEN,2026-07-23,3.0,88,87.91973285210635,3.0728224596840756,87.5049261083744,2.260710766966869,88.5,-0.5802671478936503,-0.9950738916255943,0.4122085245830325,0.16748768472906408,0.0,0,2,2
KDEN,2026-07-24,2.0,96,94.29169444911172,2.6618943721085015,95.71162790697673,2.378802640212438,95.5,-1.2083055508882836,0.21162790697673017,0.2279293730246727,0.41395348837209306,0.0,3,0,2
KDEN,2026-07-25,2.0,101,99.2916944491117,2.6618943721085015,98.9575471698113,1.8436759892766912,100.5,-1.2083055508882978,-1.5424528301886937,0.2279293730246727,0.056603773584905655,0.0,2,2,5
KDEN,2026-07-26,2.0,103,101.29169444911172,2.6618943721085015,101.27830188679245,1.9015636424329465,102.5,-1.2083055508882836,-1.2216981132075517,0.2279293730246727,0.09433962264150943,0.0,5,5,4
KDEN,2026-07-27,3.0,93,97.26095425496695,3.34311292892189,95.30821917808217,2.305884080972706,93.5,3.760954254966947,1.8082191780821688,0.28599186554953504,0.11872146118721458,0.0,3,4,5
KDEN,2026-07-28,3.0,93,91.91973285210635,3.0728224596840756,92.08878504672897,2.9986859147762264,92.5,-0.5802671478936503,-0.41121495327102764,0.4122085245830325,0.4205607476635514,0.0,0,0,2
KDEN,2026-07-29,4.0,90,90.93052959966131,3.666271416674602,91.75837320574163,2.245727306118164,90.5,0.43052959966131255,1.2583732057416341,0.42329202562080753,0.2105263157894737,0.0,0,2,3
KDEN,2026-07-30,3.0,95,92.38223309602022,3.3696452071652234,92.27464788732395,1.9236398140589175,95.5,-3.117766903979785,-3.225352112676049,0.27255604804801103,0.03755868544600939,0.0,4,3,2
KDEN,2026-07-31,3.0,90,88.38223309602022,3.3696452071652234,90.24226804123711,2.3764451946563887,89.5,-1.1177669039797848,0.7422680412371108,0.27255604804801103,0.17525773195876287,0.0,4,3,3
KDEN,2026-08-01,2.0,94,92.33976723821998,2.731785658680299,93.43749999999999,1.9821165600671184,94.5,-2.1602327617800228,-1.0625000000000142,0.16122401829538277,0.11538461538461539,0.0,3,2,2
KDEN,2026-08-02,2.0,102,101.29169444911172,2.6618943721085015,101.26570048309179,2.036367981881619,102.5,-1.2083055508882836,-1.2342995169082087,0.2279293730246727,0.11111111111111112,0.0,5,5,4
KDEN,2026-08-03,3.0,102,100.11611000141485,3.2439635213141114,100.83009708737865,1.94718292663975,101.5,-1.383889998585147,-0.6699029126213532,0.33446731609276714,0.14563106796116504,0.0,1,5,5
KDEN,2026-08-04,5.0,73,79.09382751374072,4.057570197698954,77.16507177033492,2.6763674445408836,73.0,6.09382751374072,4.165071770334919,0.4742571089985879,0.20095693779904303,1.0,0,4,1
KMIA,2026-05-24,1.0,89,88.0673703236728,1.3456262190211357,89.1990291262136,1.3289893339064465,89.5,-1.4326296763271955,-0.3009708737863974,0.005916582712593499,0.009708737864077669,0.0,4,3,3
KMIA,2026-05-25,1.0,88,88.0673703236728,1.3456262190211357,88.94117647058826,1.2500865021972596,87.5,0.5673703236728045,1.4411764705882604,0.005916582712593499,0.009803921568627453,0.0,4,3,4
KMIA,2026-05-26,1.0,88,89.0673703236728,1.3456262190211357,88.83333333333333,1.232818425333297,88.5,0.5673703236728045,0.3333333333333286,0.005916582712593499,0.009523809523809523,0.0,4,4,4
KMIA,2026-05-27,1.0,89,88.0673703236728,1.3456262190211357,88.85781990521326,1.2911191316511543,89.5,-1.4326296763271955,-0.6421800947867382,0.005916582712593499,0.014218009478672987,0.0,4,3,3
KMIA,2026-05-28,1.0,86,87.07779450793545,1.3510853789190318,88.11083743842366,1.522824957249199,85.5,1.577794507935451,2.6108374384236583,0.019796917866827083,0.009852216748768475,0.0,4,4,5
KMIA,2026-05-29,2.0,92,89.08911747844955,1.9341130666119677,89.59951456310681,1.6847545288864636,93.0,-3.910882521550448,-3.4004854368931916,0.08740839667050379,0.07281553398058253,1.0,3,2,0
KMIA,2026-05-30,2.0,87,88.07385150794632,1.93154894907956,90.20631067961168,2.099447218180248,87.5,0.5738515079463156,2.7063106796116756,0.03953221197069162,0.13106796116504857,0.0,4,3,4
KMIA,2026-05-31,2.0,95,90.08038953440087,1.9316937288745333,90.71674876847293,1.8342164595888246,95.0,-4.919610465599135,-4.283251231527075,0.04232609613344708,0.04926108374384237,1.0,3,3,0
KMIA,2026-06-01,2.0,94,90.08038953440087,1.9316937288745333,91.89000000000001,2.0372530525194947,95.0,-4.919610465599135,-3.109999999999985,0.04232609613344708,0.21000000000000002,1.0,3,3,0
KMIA,2026-06-02,2.0,95,90.08038953440087,1.9316937288745333,93.16829268292683,2.0700464262957077,95.0,-4.919610465599135,-1.8317073170731675,0.04232609613344708,0.4682926829268293,1.0,3,0,0
KMIA,2026-06-03,2.0,86,85.07385150794632,1.93154894907956,85.06770833333333,1.9231590110017482,86.5,-1.4261484920536844,-1.4322916666666714,0.03953221197069162,0.041666666666666664,0.0,4,4,3
KMIA,2026-06-04,1.0,85,83.08633553508182,1.3392952126969264,83.04854368932038,2.1395655160816665,85.5,-2.4136644649181846,-2.4514563106796174,0.0067557940495708395,0.05825242718446602,0.0,3,3,2
KMIA,2026-06-05,1.0,85,84.0673703236728,1.3456262190211357,85.26958525345623,1.734681822739256,85.5,-1.4326296763271955,-0.23041474654377225,0.005916582712593499,0.04608294930875577,0.0,4,3,3
KMIA,2026-06-06,1.0,87,87.08633553508182,1.3392952126969264,87.39108910891089,1.2975680992755725,87.5,-0.41366446491818465,-0.1089108910891099,0.0067557940495708395,0.009900990099009901,0.0,3,3,3
KMIA,2026-06-07,1.0,89,89.08633553508182,1.3392952126969264,89.00239234449761,1.5509663661834523,89.5,-0.41366446491818465,-0.4976076555023923,0.0067557940495708395,0.009569377990430623,0.0,3,3,3
KMIA,2026-06-08,1.0,91,90.08633553508182,1.3392952126969264,90.01960784313727,1.2195739545131001,90.5,-0.41366446491818465,-0.4803921568627345,0.0067557940495708395,0.009803921568627453,0.0,3,3,3
KMIA,2026-06-09,1.0,89,89.08633553508182,1.3392952126969264,89.51913875598086,1.441728503027029,89.5,-0.41366446491818465,0.019138755980861788,0.0067557940495708395,0.009569377990430623,0.0,3,3,3
KMIA,2026-06-10,2.0,88,88.07385150794632,1.93154894907956,88.58920187793427,1.3938246842143067,87.5,0.5738515079463156,1.089201877934272,0.03953221197069162,0.009389671361502348,0.0,4,4,4
KMIA,2026-06-11,1.0,90,89.08633553508182,1.3392952126969264,89.6675392670157,1.4653747862457944,89.5,-0.41366446491818465,0.1675392670156981,0.0067557940495708395,0.03141361256544503,0.0,3,3,3
KMIA,2026-06-12,1.0,91,90.08633553508182,1.3392952126969264,91.19607843137258,1.4912438267135477,90.5,-0.41366446491818465,0.6960784313725839,0.0067557940495708395,0.04901960784313727,0.0,3,3,3
KMIA,2026-06-13,1.0,91,90.08633553508182,1.3392952126969264,90.99756097560974,1.569136441840302,90.5,-0.41366446491818465,0.4975609756097441,0.0067557940495708395,0.029268292682926828,0.0,3,3,3
KMIA,2026-06-14,1.0,93,91.08633553508182,1.3392952126969264,91.49494949494951,1.4337119822175897,93.5,-2.4136644649181846,-2.005050505050491,0.0067557940495708395,0.020202020202020204,0.0,3,3,2
KMIA,2026-06-15,1.0,95,91.08633553508182,1.3392952126969264,92.80392156862747,1.7845426485340035,96.0,-4.913664464918185,-3.196078431372527,0.0067557940495708395,0.12745098039215688,1.0,3,2,0
KMIA,2026-06-16,1.0,95,92.08633553508182,1.3392952126969264,93.37249999999999,1.6992627077647529,94.5,-2.4136644649181846,-1.127500000000012,0.0067557940495708395,0.07500000000000001,0.0,3,3,2
KMIA,2026-06-17,1.0,94,93.08633553508182,1.3392952126969264,93.80917874396135,1.6734825275403873,93.5,-0.41366446491818465,0.30917874396135403,0.0067557940495708395,0.028985507246376812,0.0,3,3,3
KMIA,2026-06-18,1.0,93,93.08633553508182,1.3392952126969264,93.23737373737373,1.4387203811261764,93.5,-0.41366446491818465,-0.2626262626262701,0.0067557940495708395,0.030303030303030304,0.0,3,3,3
KMIA,2026-06-19,1.0,92,93.08633553508182,1.3392952126969264,93.1303317535545,1.3797208948767445,91.5,1.5863355350818154,1.6303317535545006,0.0067557940495708395,0.009478672985781991,0.0,3,3,4
KMIA,2026-06-20,1.0,93,92.08633553508182,1.3392952126969264,92.52702702702703,1.4158654403634146,92.5,-0.41366446491818465,0.027027027027031636,0.0067557940495708395,0.02162162162162162,0.0,3,3,3
KMIA,2026-06-21,1.0,94,93.07738896422913,1.3621650457223555,92.88571428571429,1.6457118055536868,94.5,-1.4226110357708706,-1.6142857142857139,0.024721042375313022,0.03809523809523809,0.0,3,3,2
KMIA,2026-06-22,1.0,93,92.06737032367282,1.3456262190211354,93.07920792079207,1.4945986468563344,93.5,-1.4326296763271813,-0.4207920792079278,0.005916582712593499,0.019801980198019802,0.0,4,3,3
KMIA,2026-06-23,2.0,91,94.08911747844957,1.9341130666119677,92.77536231884058,1.4206964812772163,91.5,2.589117478449566,1.2753623188405783,0.08740839667050379,0.009661835748792272,0.0,3,3,4
KMIA,2026-06-24,2.0,93,93.08911747844954,1.9341130666119677,92.00246305418719,1.4259190597264504,92.5,0.5891174784495377,-0.4975369458128114,0.08740839667050379,0.01970443349753695,0.0,3,3,3
KMIA,2026-06-25,2.0,92,92.08038953440087,1.9316937288745333,91.95145631067963,1.3812449764558232,92.5,-0.41961046559913484,-0.5485436893203683,0.04232609613344708,0.019417475728155345,0.0,3,3,3
KMIA,2026-06-26,2.0,92,92.08038953440087,1.9316937288745333,91.91500000000002,1.3463933303459283,92.5,-0.41961046559913484,-0.5849999999999795,0.04232609613344708,0.02,0.0,3,3,3
KMIA,2026-06-27,2.0,92,92.08038953440087,1.9316937288745333,91.9858490566038,1.412473989023841,92.5,-0.41961046559913484,-0.5141509433962028,0.04232609613344708,0.01886792452830189,0.0,3,3,3
KMIA,2026-06-28,1.0,92,92.08633553508182,1.3392952126969264,91.51886792452831,1.3570648965688656,92.5,-0.41366446491818465,-0.9811320754716917,0.0067557940495708395,0.009433962264150943,0.0,3,3,3
KMIA,2026-06-29,1.0,93,94.07738896422914,1.3621650457223555,93.25000000000003,1.348916406490081,93.5,0.5773889642291437,-0.24999999999997158,0.024721042375313022,0.01886792452830189,0.0,3,3,3
KMIA,2026-06-30,2.0,94,95.10099206241787,1.9161548414458933,94.00243902439026,1.3744156727147454,93.5,1.6009920624178733,0.5024390243902559,0.20051629420935024,0.019512195121951223,0.0,2,3,3
KMIA,2026-07-01,2.0,93,93.08911747844954,1.9341130666119677,91.85545023696682,1.5205406126219203,92.5,0.5891174784495377,-0.6445497630331829,0.08740839667050379,0.028436018957345974,0.0,3,3,3
KMIA,2026-07-02,2.0,93,91.08038953440087,1.9316937288745333,91.60344827586209,1.6140204462828824,93.5,-2.419610465599135,-1.8965517241379075,0.04232609613344708,0.01970443349753695,0.0,3,3,2
KMIA,2026-07-03,2.0,91,92.08038953440087,1.9316937288745333,91.76190476190477,1.474538245875214,90.5,1.5803895344008652,1.2619047619047734,0.04232609613344708,0.01904761904761905,0.0,3,3,4
KMIA,2026-07-04,2.0,93,92.08038953440087,1.9316937288745333,91.7970297029703,1.5409882032910214,92.5,-0.41961046559913484,-0.7029702970296938,0.04232609613344708,0.029702970297029705,0.0,3,3,3
KMIA,2026-07-05,2.0,94,91.08038953440087,1.9316937288745333,91.93349753694582,1.6269773369411271,93.5,-2.419610465599135,-1.566502463054178,0.04232609613344708,0.029556650246305424,0.0,3,3,2
KMIA,2026-07-06,2.0,93,92.08911747844955,1.9341130666119677,91.5714285714286,1.7927480520785102,93.5,-1.4108825215504481,-1.9285714285714022,0.08740839667050379,0.0380952380952381,0.0,3,3,2
KMIA,2026-07-07,2.0,93,92.08038953440087,1.9316937288745333,91.86448598130839,1.595950034144465,92.5,-0.41961046559913484,-0.6355140186916088,0.04232609613344708,0.02803738317757009,0.0,3,3,3
KMIA,2026-07-08,1.0,92,93.08633553508182,1.3392952126969264,93.14356435643563,1.291320288480905,91.5,1.5863355350818154,1.6435643564356326,0.0067557940495708395,0.009900990099009901,0.0,3,3,4
KMIA,2026-07-09,1.0,92,94.08633553508183,1.3392952126969264,93.11611374407582,1.3462343712455676,92.5,1.5863355350818296,0.6161137440758182,0.0067557940495708395,0.009478672985781991,0.0,3,4,4
KMIA,2026-07-10,2.0,93,93.08038953440087,1.9316937288745333,92.2153110047847,1.3691945817879776,93.5,-0.41961046559913484,-1.2846889952153049,0.04232609613344708,0.014354066985645935,0.0,3,4,3
KMIA,2026-07-11,2.0,91,93.08038953440087,1.9316937288745333,93.17961165048546,1.4096656095464815,91.5,1.5803895344008652,1.6796116504854552,0.04232609613344708,0.009708737864077673,0.0,3,3,4
KMIA,2026-07-12,2.0,94,95.08911747844955,1.9341130666119677,93.41666666666667,1.5534779209224863,94.5,0.5891174784495519,-1.0833333333333286,0.08740839667050379,0.023809523809523808,0.0,3,4,3
KMIA,2026-07-13,1.0,93,96.12508202106403,1.4022422209094751,93.98557692307693,1.5871429501096743,92.5,3.6250820210640313,1.485576923076934,0.1049745020769641,0.019230769230769232,0.0,2,3,4
KMIA,2026-07-14,1.0,94,95.07738896422913,1.3621650457223555,93.55339805825243,1.425176911789951,94.5,0.5773889642291294,-0.9466019417475735,0.024721042375313022,0.019417475728155345,0.0,3,4,3
KMIA,2026-07-15,1.0,94,95.07738896422913,1.3621650457223555,93.96500000000002,1.4726761354758215,94.5,0.5773889642291294,-0.5349999999999824,0.024721042375313022,0.02,0.0,3,3,3
KMIA,2026-07-16,2.0,97,96.10099206241786,1.9161548414458933,95.01485148514851,1.7854686346363162,96.5,-0.3990079375821409,-1.4851485148514882,0.20051629420935024,0.06930693069306931,0.0,2,3,2
KMIA,2026-07-17,2.0,94,95.08911747844955,1.9341130666119677,94.6029411764706,1.865368379869838,94.5,0.5891174784495519,0.10294117647059409,0.08740839667050379,0.0392156862745098,0.0,3,3,3
KMIA,2026-07-18,1.0,91,92.08633553508182,1.3392952126969264,91.67703349282297,1.6513728676953996,90.5,1.5863355350818154,1.1770334928229715,0.0067557940495708395,0.028708133971291867,0.0,3,3,4
KMIA,2026-07-19,1.0,91,93.07738896422913,1.3621650457223555,92.48522167487685,1.5166654911166118,90.5,2.5773889642291294,1.985221674876854,0.024721042375313022,0.01970443349753695,0.0,3,3,4
KMIA,2026-07-20,1.0,93,93.08633553508182,1.3392952126969264,92.42857142857144,1.488402267176911,93.5,-0.41366446491818465,-1.0714285714285552,0.0067557940495708395,0.014778325123152712,0.0,3,4,3
KMIA,2026-07-21,1.0,92,93.08633553508182,1.3392952126969264,92.67910447761193,1.395715260569618,91.5,1.5863355350818154,1.1791044776119293,0.0067557940495708395,0.01990049751243781,0.0,3,3,4
KMIA,2026-07-22,1.0,92,93.07738896422913,1.3621650457223555,91.96226415094341,1.3479511237841941,92.5,0.5773889642291294,-0.5377358490565882,0.024721042375313022,0.009433962264150945,0.0,3,3,3
KMIA,2026-07-23,1.0,93,93.07738896422913,1.3621650457223555,92.1445497630332,1.3774439413292592,92.5,0.5773889642291294,-0.3554502369668029,0.024721042375313022,0.018957345971563986,0.0,3,3,3
KMIA,2026-07-24,2.0,93,92.08911747844955,1.9341130666119677,91.63235294117648,1.500696685576134,93.5,-1.4108825215504481,-1.8676470588235219,0.08740839667050379,0.019607843137254905,0.0,3,3,2
KMIA,2026-07-25,1.0,92,93.07738896422913,1.3621650457223555,92.30203045685278,1.5401219343533943,92.5,0.5773889642291294,-0.1979695431472237,0.024721042375313022,0.02030456852791878,0.0,3,3,3
KMIA,2026-07-26,2.0,94,92.08911747844955,1.9341130666119677,92.33495145631068,1.8990139872726326,93.5,-1.4108825215504481,-1.1650485436893234,0.08740839667050379,0.08737864077669902,0.0,3,2,2
KMIA,2026-07-27,2.0,92,91.08038953440087,1.9316937288745333,91.17164179104479,1.9583071659633633,91.5,-0.41961046559913484,-0.3283582089552084,0.04232609613344708,0.04975124378109454,0.0,3,3,3
KMIA,2026-07-28,2.0,91,92.08038953440087,1.9316937288745333,92.03170731707318,2.099412115667116,90.5,1.5803895344008652,1.5317073170731845,0.04232609613344708,0.04878048780487806,0.0,3,3,4
KMIA,2026-07-29,2.0,94,94.08038953440087,1.9316937288745333,94.4223300970874,1.5983263114370703,94.5,-0.41961046559913484,-0.07766990291260356,0.04232609613344708,0.029126213592233018,0.0,3,3,3
KMIA,2026-07-30,2.0,96,95.08911747844955,1.9341130666119677,95.226368159204,1.5810605558846327,96.5,-1.4108825215504481,-1.273631840796,0.08740839667050379,0.04975124378109453,0.0,3,3,2
KMIA,2026-07-31,3.0,96,94.05594652184367,2.4355658916403713,95.24761904761907,1.8817719733371492,95.5,-1.4440534781563343,-0.25238095238093194,0.16118120477158493,0.20952380952380956,0.0,3,2,2
KMIA,2026-08-01,3.0,94,94.01383675471794,2.346597656337308,93.69339622641512,1.7884202403831644,94.5,-0.48616324528205723,-0.8066037735848823,0.270294560246246,0.11320754716981132,0.0,2,2,2
KMIA,2026-08-02,3.0,91,91.08029590974522,2.4725244216808493,91.59047619047618,1.5935598848414716,90.5,0.5802959097452174,1.0904761904761813,0.10326992888361854,0.019047619047619046,0.0,4,3,4
KMIA,2026-08-03,3.0,93,92.07145525672557,2.470349616665359,92.090243902439,1.8173694307511263,92.5,-0.42854474327442915,-0.40975609756100084,0.10701007237870822,0.029268292682926828,0.0,3,3,3
KMIA,2026-08-04,3.0,92,91.05594652184367,2.4355658916403713,91.02020202020202,1.703263640748228,92.5,-1.4440534781563343,-1.4797979797979792,0.16118120477158493,0.04040404040404041,0.0,3,3,2
KNYC,2026-05-24,2.0,56,60.48643738990393,2.300028481699608,58.555276381909536,1.485933981704739,58.0,2.4864373899039265,0.5552763819095361,0.36001788935112056,0.8442211055276382,1.0,1,1,1
KNYC,2026-05-25,3.0,73,74.42956377714184,2.981882473655322,72.4975369458128,2.0817631411206707,72.5,1.929563777141837,-0.002463054187202829,0.2242008227879644,0.31034482758620685,0.0,4,5,5
KNYC,2026-05-26,3.0,79,79.42956377714184,2.981882473655322,79.47857142857143,1.7723451929557055,79.5,-0.07043622285816298,-0.02142857142857224,0.2242008227879644,0.03333333333333333,0.0,4,4,4
KNYC,2026-05-27,3.0,81,83.08181301308164,2.754765130038279,84.0263157894737,1.8773457583645208,81.5,1.5818130130816428,2.526315789473699,0.3688266094838344,0.3923444976076556,0.0,0,2,3
KNYC,2026-05-28,2.0,75,76.48643738990393,2.300028481699608,75.43457943925233,1.7767766048387992,74.0,2.4864373899039265,1.4345794392523317,0.36001788935112056,0.5327102803738317,1.0,1,1,1
KNYC,2026-05-29,1.0,75,78.3313989598206,1.8654035758447358,77.83333333333334,1.7247240946349591,76.0,2.3313989598206035,1.8333333333333428,0.3026745234072193,0.38235294117647056,1.0,5,5,1
KNYC,2026-05-30,2.0,69,66.57749464701337,1.363873800126519,68.70100502512562,0.9255171011371757,68.5,-1.922505352986633,0.20100502512562457,0.8213748412612633,0.010050251256281407,0.0,1,5,5
KNYC,2026-05-31,2.0,75,76.34390624216863,2.5183338898648824,74.83333333333334,1.8737074040929045,74.5,1.8439062421686288,0.3333333333333428,0.12511575359619836,0.03980099502487563,0.0,3,4,4
KNYC,2026-06-01,2.0,71,72.37145131267525,2.5082861420222335,71.90952380952382,1.5830665725870883,70.5,1.871451312675248,1.4095238095238187,0.1395980044226397,0.02857142857142857,0.0,4,4,5
KNYC,2026-06-02,1.0,76,76.35411634652361,1.9188131245812658,75.9607329842932,1.298318480322371,75.5,0.854116346523611,0.46073298429320175,0.03563892826856597,0.010471204188481674,0.0,4,4,4
KNYC,2026-06-03,2.0,83,81.3188641290331,2.4666475344649488,82.23786407766991,1.7071304774275498,82.5,-1.181135870966898,-0.26213592233008853,0.1939848921297559,0.16504854368932043,0.0,3,2,2
KNYC,2026-06-04,1.0,86,86.36085669081663,1.9197123509089002,86.31428571428573,1.7467754548870666,86.5,-0.1391433091833676,-0.18571428571426907,0.04862491900669784,0.038095238095238106,0.0,3,3,3
KNYC,2026-06-05,1.0,88,91.38159668001582,1.8903012911591859,90.30751173708921,1.5723669864262242,87.5,3.881596680015818,2.8075117370892144,0.2460738374951467,0.06572769953051644,0.0,2,3,4
KNYC,2026-06-06,2.0,87,93.25556682329672,2.350271969416387,90.20192307692308,1.4806755714635782,87.5,5.755566823296718,2.70192307692308,0.3159842228259063,0.009615384615384616,0.0,2,4,5
KNYC,2026-06-07,2.0,81,86.0271041327729,1.731371176269647,85.35602094240838,1.3050256781013252,85.0,1.0271041327729051,0.356020942408378,0.6928453830685982,0.9057591623036648,1.0,1,1,1
KNYC,2026-06-08,2.0,75,77.31886412903312,2.4666475344649483,76.20283018867926,1.7873748826600746,74.5,2.8188641290331162,1.7028301886792576,0.1939848921297559,0.03773584905660378,0.0,3,3,4
KNYC,2026-06-09,2.0,79,82.34390624216864,2.5183338898648824,79.46445497630332,1.6327272162442843,78.5,3.843906242168643,0.9644549763033154,0.12511575359619836,0.052132701421800945,0.0,3,5,5
KNYC,2026-06-10,3.0,82,81.08181301308164,2.754765130038279,81.28801843317973,2.5980751896172016,81.5,-0.4181869869183572,-0.21198156682027047,0.3688266094838344,0.37788018433179726,0.0,0,0,2
KNYC,2026-06-11,2.0,91,93.31886412903312,2.4666475344649483,93.92990654205607,2.0789876649205454,90.5,2.8188641290331162,3.4299065420560737,0.1939848921297559,0.23364485981308414,0.0,3,3,4
KNYC,2026-06-12,2.0,90,94.34390624216863,2.5183338898648824,92.75471698113208,1.8193733150519058,90.5,3.8439062421686288,2.254716981132077,0.12511575359619836,0.02830188679245283,0.0,3,4,5
KNYC,2026-06-13,2.0,85,89.37145131267525,2.5082861420222335,87.14356435643563,1.8399265935413363,85.0,4.371451312675248,2.1435643564356326,0.1395980044226397,0.3069306930693069,1.0,4,5,1
KNYC,2026-06-14,2.0,87,88.35676668125593,2.529889849095702,87.05502392344498,1.907699364537394,87.5,0.8567666812559338,-0.44497607655502236,0.10762683762663658,0.07655502392344499,0.0,4,4,4
KNYC,2026-06-15,2.0,74,79.40401506030858,2.4409673089276436,77.93069306930693,1.8609186794527384,76.0,3.4040150603085806,1.9306930693069262,0.22404223016760766,0.37623762376237624,1.0,5,5,1
KNYC,2026-06-16,2.0,76,78.35676668125593,2.529889849095702,76.99532710280376,1.6827815856391979,75.5,2.856766681255934,1.4953271028037562,0.10762683762663658,0.04672897196261683,0.0,4,4,5
KNYC,2026-06-17,2.0,78,77.35676668125595,2.529889849095702,76.37559808612441,1.7720120079075612,78.5,-1.143233318744052,-2.1244019138755874,0.10762683762663658,0.028708133971291867,0.0,4,4,3
KNYC,2026-06-18,3.0,86,88.21751721062847,2.913556610730409,87.38942307692308,2.1297534287235607,85.5,2.717517210628472,1.8894230769230802,0.27095831618369987,0.07692307692307693,0.0,3,3,4
KNYC,2026-06-19,2.0,81,82.40401506030858,2.4409673089276436,82.57906976744187,2.0267465209662463,81.5,0.9040150603085806,1.0790697674418652,0.22404223016760766,0.13953488372093026,0.0,5,4,5
KNYC,2026-06-20,1.0,81,82.3313989598206,1.8654035758447358,81.20000000000002,1.6159268276116723,80.0,2.3313989598206035,1.200000000000017,0.3026745234072193,0.5804878048780489,1.0,5,1,1
KNYC,2026-06-21,1.0,82,82.34694091973714,1.9207793245576523,80.97524752475248,1.7117477571990716,82.5,-0.15305908026286374,-1.5247524752475243,0.06012745670755955,0.14851485148514854,0.0,4,5,4
KNYC,2026-06-22,2.0,73,77.31886412903312,2.4666475344649483,75.57373271889401,2.1020291672108287,72.5,4.818864129033116,3.073732718894007,0.1939848921297559,0.05529953917050691,0.0,3,4,5
KNYC,2026-06-23,3.0,71,77.32506721245352,2.1212035572703694,76.30392156862746,1.2788951702909892,76.0,1.3250672124535186,0.3039215686274588,0.6579312636029692,0.9313725490196078,1.0,1,1,1
KNYC,2026-06-24,2.0,82,82.48643738990393,2.300028481699608,81.68571428571428,1.603206820358352,82.5,-0.013562610096073513,-0.8142857142857167,0.36001788935112056,0.4,0.0,1,5,5
KNYC,2026-06-25,2.0,83,82.35676668125595,2.529889849095702,81.74882629107982,1.5531464453242434,83.5,-1.143233318744052,-1.7511737089201773,0.10762683762663658,0.018779342723004695,0.0,4,4,3
KNYC,2026-06-26,3.0,80,85.30149409226644,2.9999822387450363,83.84615384615384,1.8894658930361101,79.0,6.301494092266438,4.84615384615384,0.21126415178955127,0.028846153846153848,1.0,3,3,1
KNYC,2026-06-27,5.0,78,77.81002930787332,3.5263163239220305,78.10975609756099,1.6219237114850544,78.5,-0.6899706921266784,-0.3902439024390105,0.4153562764882422,0.009756097560975611,0.0,1,4,4
KNYC,2026-06-28,3.0,82,81.30149409226645,2.9999822387450363,80.8798076923077,1.7813067700908785,81.5,-0.19850590773354782,-0.6201923076923066,0.21126415178955127,0.038461538461538464,0.0,3,3,3
KNYC,2026-06-29,2.0,88,84.31886412903312,2.4666475344649483,85.54481132075473,1.8993845731849495,88.0,-3.6811358709668838,-2.4551886792452677,0.1939848921297559,0.25000000000000006,1.0,3,2,0
KNYC,2026-06-30,2.0,87,89.25556682329673,2.350271969416387,88.78125000000001,1.6846262924436115,87.5,1.755566823296732,1.2812500000000142,0.3159842228259063,0.11057692307692309,0.0,2,2,3
KNYC,2026-07-01,2.0,93,95.35676668125593,2.529889849095702,93.99295774647888,1.8823861550469108,92.5,2.856766681255934,1.4929577464788792,0.10762683762663658,0.06572769953051644,0.0,4,4,5
KNYC,2026-07-02,2.0,100,102.35676668125593,2.529889849095702,98.91379310344827,2.085891357483264,99.5,2.856766681255934,-0.5862068965517295,0.10762683762663658,0.45320197044334976,0.0,5,0,2
KNYC,2026-07-03,2.0,98,101.35676668125593,2.529889849095702,100.08215962441315,1.6710911317950852,98.5,2.856766681255934,1.5821596244131513,0.10762683762663658,0.03755868544600939,0.0,5,5,2
KNYC,2026-07-04,2.0,94,97.0271041327729,1.731371176269647,96.46153846153848,1.4060178144940259,96.0,1.0271041327729051,0.4615384615384812,0.6928453830685982,0.8750000000000001,1.0,0,0,0
KNYC,2026-07-05,4.0,81,84.19495248349085,2.789216544680086,83.09004739336493,1.8366839833313477,82.0,2.1949524834908516,1.0900473933649266,0.5391896358507744,0.6682464454976302,1.0,1,1,1
KNYC,2026-07-06,3.0,69,74.32506721245352,2.1212035572703694,73.49038461538461,1.3910441036231929,73.0,1.3250672124535186,0.4903846153846132,0.6579312636029692,0.8557692307692307,1.0,1,1,1
KNYC,2026-07-07,3.0,70,74.93814007445928,2.437929898895963,73.35436893203884,1.2773817805979988,73.0,1.9381400744592838,0.3543689320388381,0.5300534423524231,0.9029126213592233,1.0,1,1,1
KNYC,2026-07-08,3.0,85,82.85841058453165,2.519482742928991,81.31720430107526,1.8741090302289782,85.0,-2.1415894154683457,-3.6827956989247355,0.49217848441343337,0.07526881720430106,1.0,0,2,0
KNYC,2026-07-09,3.0,82,84.52514546585178,2.8753283192910457,83.46698113207547,2.019677804405016,81.0,3.5251454658517787,2.4669811320754746,0.29580713101982886,0.2830188679245283,1.0,1,5,1
KNYC,2026-07-10,2.0,85,87.48643738990393,2.300028481699608,86.67224880382776,1.9586625686202002,85.0,2.4864373899039265,1.672248803827756,0.36001788935112056,0.5167464114832537,1.0,1,1,1
KNYC,2026-07-11,3.0,82,81.68239708557027,2.6943434388345944,81.36407766990291,1.9025968135009805,81.5,0.18239708557027257,-0.1359223300970882,0.40271478374992203,0.30097087378640774,0.0,1,5,5
KNYC,2026-07-12,2.0,84,83.4040150603086,2.4409673089276436,83.07073170731708,1.867859594456822,84.5,-1.0959849396914052,-1.42926829268292,0.22404223016760766,0.1560975609756098,0.0,5,5,4
KNYC,2026-07-13,2.0,84,85.35676668125593,2.529889849095702,84.75238095238096,1.5880863139607901,84.5,0.8567666812559338,0.25238095238096037,0.10762683762663658,0.019047619047619046,0.0,4,4,4
KNYC,2026-07-14,2.0,90,95.3188641290331,2.4666475344649488,93.87198067632852,1.7164415047534018,90.5,4.818864129033102,3.371980676328519,0.1939848921297559,0.028985507246376812,0.0,3,3,5
KNYC,2026-07-15,2.0,95,99.37145131267526,2.5082861420222335,96.66981132075473,1.870055483553885,95.0,4.371451312675262,1.6698113207547323,0.1395980044226397,0.4811320754716982,1.0,2,0,0
KNYC,2026-07-16,2.0,85,93.34390624216864,2.5183338898648824,90.15402843601895,2.3123858504726833,87.0,6.343906242168643,3.1540284360189474,0.12511575359619836,0.2369668246445497,1.0,3,5,1
KNYC,2026-07-17,2.0,86,88.31886412903312,2.4666475344649483,85.94685990338164,2.193441540585739,85.5,2.8188641290331162,0.44685990338163606,0.1939848921297559,0.06280193236714976,0.0,3,4,4
KNYC,2026-07-18,3.0,76,81.42956377714184,2.981882473655322,79.84722222222221,1.986013983639057,77.0,4.429563777141837,2.8472222222222143,0.2242008227879644,0.22222222222222218,1.0,4,5,1
KNYC,2026-07-19,3.0,79,81.52514546585178,2.8753283192910457,80.50240384615385,2.085029973586576,78.0,3.5251454658517787,2.502403846153854,0.29580713101982886,0.3125,1.0,1,5,1
KNYC,2026-07-20,3.0,81,80.36374192350297,3.021837625737205,80.4665071770335,1.7502775586303851,81.5,-1.136258076497029,-1.033492822966494,0.19530938930296182,0.02870813397129187,0.0,4,3,3
KNYC,2026-07-21,2.0,81,80.4040150603086,2.4409673089276436,78.51463414634146,1.9599105225481606,81.5,-1.0959849396914052,-2.9853658536585357,0.22404223016760766,0.5560975609756098,0.0,5,1,4
KNYC,2026-07-22,2.0,85,83.67356821694864,2.0606936121410158,84.44019138755982,2.0035881596800365,84.5,-0.8264317830513619,-0.05980861244017888,0.5284465244571052,0.3014354066985646,0.0,1,5,5
KNYC,2026-07-23,2.0,79,80.4040150603086,2.4409673089276436,80.44285714285715,1.7345430106464106,79.5,0.9040150603085948,0.9428571428571502,0.22404223016760766,0.08571428571428572,0.0,5,5,5
KNYC,2026-07-24,2.0,83,82.40401506030858,2.4409673089276436,82.08571428571429,1.667557585008604,83.5,-1.0959849396914194,-1.414285714285711,0.22404223016760766,0.11428571428571427,0.0,5,5,4
KNYC,2026-07-25,1.0,81,81.33450830843614,1.9187320388420528,81.22330097087378,1.7407566641508125,80.5,0.834508308436142,0.7233009708737796,0.13955058926380115,0.11650485436893203,0.0,5,5,5
KNYC,2026-07-26,2.0,85,83.37145131267526,2.5082861420222335,82.48122065727699,1.4678477147686952,85.5,-2.128548687324738,-3.0187793427230076,0.1395980044226397,0.03755868544600939,0.0,4,5,3
KNYC,2026-07-27,2.0,83,82.40401506030858,2.4409673089276436,82.1094527363184,1.801867521815659,83.5,-1.0959849396914194,-1.3905472636815972,0.22404223016760766,0.14427860696517414,0.0,5,5,4
KNYC,2026-07-28,2.0,79,78.4040150603086,2.4409673089276436,79.12085308056874,2.0424038509224913,79.5,-1.0959849396914052,-0.379146919431264,0.22404223016760766,0.08530805687203794,0.0,5,4,4
KNYC,2026-07-29,4.0,80,77.66710266876501,3.233728087583362,79.81775700934578,2.0878962754034007,80.5,-2.8328973312349888,-0.6822429906542169,0.35909507595021684,0.04672897196261682,0.0,1,3,3
KNYC,2026-07-30,3.0,74,78.52514546585178,2.8753283192910457,77.58018867924528,1.9299486654293672,75.0,3.5251454658517787,2.580188679245282,0.29580713101982886,0.24528301886792453,1.0,1,5,1
KNYC,2026-07-31,3.0,85,83.52514546585178,2.8753283192910457,84.14563106796116,1.646017653707376,84.5,-0.9748545341482213,-0.3543689320388381,0.29580713101982886,0.03883495145631068,0.0,1,4,4
KNYC,2026-08-01,3.0,86,84.42956377714184,2.981882473655322,84.95365853658538,1.866011471088001,86.5,-2.070436222858163,-1.5463414634146204,0.2242008227879644,0.039024390243902446,0.0,4,4,3
KNYC,2026-08-02,2.0,83,81.40401506030858,2.4409673089276436,81.68483412322274,1.7876504599047573,82.5,-1.0959849396914194,-0.8151658767772574,0.22404223016760766,0.0853080568720379,0.0,5,4,4
KNYC,2026-08-03,3.0,80,80.68239708557029,2.694343438834594,80.59840425531915,1.8586049465165895,80.5,0.18239708557028678,0.09840425531915287,0.40271478374992203,0.2393617021276596,0.0,1,5,5
KNYC,2026-08-04,2.0,84,83.37145131267526,2.5082861420222335,82.87765957446808,1.8315877460128684,83.5,-0.1285486873247379,-0.6223404255319167,0.1395980044226397,0.07446808510638299,0.0,4,4,4
